itemID|demandPrediction
1|41
2|1
3|0
4|51
5|2
6|78
7|0
8|2
9|1
10|0
11|2
12|2
13|1
14|0
15|0
16|0
17|1
18|0
19|1
20|0
21|0
22|0
23|1
24|1
25|0
26|0
27|1
28|1
29|0
30|1
31|49
32|1
33|0
34|2
35|30
36|0
37|1
38|0
39|70
40|1
41|1
42|1
43|0
44|0
45|0
46|0
47|0
48|0
49|1
50|1
51|0
52|0
53|0
54|0
55|0
56|0
57|0
58|0
59|0
60|0
61|0
62|0
63|0
64|0
65|1
66|0
67|1
68|0
69|0
70|0
71|0
72|0
73|1
74|1
75|0
76|0
77|25
78|1
79|0
80|0
81|0
82|0
83|0
84|79
85|170
86|39
87|2
88|0
89|0
90|0
91|0
92|0
93|0
94|0
95|0
96|0
97|0
98|0
99|0
100|1
101|1
102|0
103|0
104|1
105|0
106|0
107|1
108|0
109|1
110|0
111|0
112|1
113|0
114|1
115|0
116|0
117|1
118|0
119|0
120|1
121|0
122|0
123|0
124|0
125|0
126|0
127|0
128|1
129|0
130|94
131|0
132|0
133|0
134|0
135|0
136|1
137|1
138|1
139|0
140|0
141|0
142|0
143|64
144|0
145|0
146|0
147|0
148|0
149|0
150|16
151|1
152|52
153|1
154|0
155|1
156|0
157|43
158|41
159|1
160|1
161|0
162|0
163|0
164|0
165|0
166|0
167|0
168|0
169|2
170|2
171|2
172|2
173|2
174|3
175|2
176|2
177|1
178|12
179|8
180|70
181|2
182|2
183|2
184|0
185|1
186|2
187|0
188|1
189|2
190|1
191|1
192|2
193|2
194|1
195|1
196|0
197|0
198|0
199|68
200|0
201|1
202|1
203|1
204|0
205|1
206|85
207|0
208|1
209|2
210|1
211|14
212|1
213|2
214|1
215|1
216|2
217|1
218|1
219|1
220|0
221|1
222|1
223|0
224|0
225|0
226|0
227|0
228|0
229|0
230|0
231|15
232|0
233|1
234|1
235|2
236|0
237|1
238|1
239|0
240|0
241|1
242|0
243|12
244|0
245|0
246|0
247|65
248|44
249|0
250|18
251|48
252|1
253|18
254|1
255|0
256|0
257|0
258|0
259|0
260|0
261|0
262|1
263|0
264|2
265|0
266|0
267|1
268|0
269|0
270|1
271|2
272|1
273|0
274|0
275|0
276|0
277|8
278|0
279|1
280|0
281|0
282|0
283|1
284|0
285|0
286|0
287|0
288|0
289|0
290|1
291|0
292|1
293|0
294|1
295|1
296|0
297|63
298|34
299|67
300|0
301|0
302|1
303|0
304|0
305|0
306|0
307|1
308|1
309|1
310|0
311|0
312|4
313|0
314|6
315|1
316|102
317|36
318|84
319|1
320|104
321|0
322|0
323|0
324|2
325|73
326|0
327|0
328|1
329|1
330|0
331|0
332|1
333|0
334|0
335|1
336|2
337|0
338|0
339|1
340|2
341|1
342|119
343|1
344|0
345|0
346|0
347|0
348|0
349|1
350|2
351|0
352|0
353|5
354|1
355|1
356|66
357|0
358|0
359|0
360|2
361|80
362|1
363|2
364|0
365|0
366|0
367|77
368|2
369|0
370|0
371|1
372|88
373|1
374|1
375|0
376|1
377|58
378|0
379|1
380|2
381|133
382|1
383|0
384|0
385|0
386|0
387|1
388|0
389|1
390|61
391|1
392|2
393|1
394|1
395|0
396|0
397|0
398|1
399|1
400|1
401|65
402|109
403|55
404|33
405|57
406|92
407|0
408|0
409|0
410|0
411|0
412|0
413|0
414|0
415|0
416|7
417|62
418|0
419|56
420|1
421|0
422|0
423|0
424|0
425|52
426|0
427|0
428|0
429|2
430|0
431|1
432|2
433|96
434|105
435|1
436|51
437|0
438|0
439|0
440|1
441|1
442|1
443|0
444|0
445|0
446|0
447|0
448|0
449|1
450|1
451|1
452|0
453|0
454|1
455|1
456|1
457|43
458|0
459|120
460|0
461|1
462|1
463|42
464|41
465|0
466|3
467|1
468|1
469|2
470|1
471|1
472|28
473|1
474|0
475|0
476|0
477|1
478|1
479|0
480|0
481|1
482|1
483|0
484|0
485|1
486|1
487|1
488|1
489|0
490|1
491|1
492|1
493|0
494|1
495|0
496|0
497|11
498|1
499|0
500|7
501|1
502|1
503|1
504|0
505|1
506|1
507|1
508|2
509|1
510|2
511|123
512|1
513|0
514|0
515|0
516|39
517|1
518|0
519|1
520|1
521|52
522|48
523|1
524|1
525|2
526|1
527|0
528|1
529|1
530|0
531|53
532|0
533|22
534|73
535|0
536|1
537|6
538|0
539|0
540|1
541|0
542|1
543|3
544|1
545|0
546|1
547|0
548|0
549|0
550|0
551|0
552|18
553|0
554|0
555|0
556|2
557|0
558|0
559|0
560|1
561|38
562|0
563|0
564|0
565|0
566|0
567|0
568|135
569|46
570|0
571|0
572|1
573|0
574|41
575|0
576|0
577|0
578|1
579|1
580|1
581|25
582|2
583|115
584|1
585|84
586|50
587|0
588|1
589|20
590|2
591|1
592|1
593|0
594|0
595|0
596|1
597|1
598|0
599|1
600|0
601|2
602|1
603|1
604|0
605|0
606|0
607|1
608|1
609|1
610|2
611|1
612|1
613|3
614|1
615|1
616|0
617|0
618|1
619|54
620|0
621|2
622|0
623|0
624|1
625|1
626|8
627|0
628|1
629|1
630|1
631|0
632|50
633|0
634|1
635|1
636|1
637|0
638|0
639|0
640|1
641|1
642|1
643|90
644|94
645|0
646|0
647|0
648|0
649|1
650|1
651|0
652|0
653|0
654|27
655|0
656|0
657|43
658|73
659|224
660|40
661|128
662|0
663|0
664|15
665|1
666|1
667|0
668|0
669|0
670|1
671|0
672|76
673|0
674|1
675|1
676|131
677|0
678|0
679|1
680|1
681|0
682|0
683|1
684|0
685|1
686|0
687|0
688|2
689|1
690|1
691|0
692|0
693|1
694|0
695|0
696|0
697|0
698|1
699|0
700|0
701|5
702|0
703|0
704|1
705|1
706|1
707|1
708|0
709|1
710|0
711|0
712|0
713|0
714|0
715|1
716|1
717|0
718|1
719|0
720|1
721|1
722|1
723|0
724|1
725|0
726|1
727|34
728|16
729|1
730|1
731|0
732|0
733|0
734|0
735|0
736|0
737|0
738|0
739|0
740|0
741|0
742|0
743|0
744|0
745|0
746|0
747|0
748|0
749|0
750|0
751|0
752|0
753|0
754|0
755|0
756|0
757|0
758|0
759|0
760|0
761|0
762|0
763|0
764|0
765|0
766|0
767|1
768|0
769|0
770|7
771|1
772|7
773|9
774|0
775|0
776|12
777|0
778|10
779|1
780|1
781|0
782|0
783|0
784|1
785|1
786|0
787|1
788|0
789|1
790|1
791|1
792|1
793|1
794|0
795|1
796|0
797|0
798|0
799|0
800|0
801|1
802|0
803|0
804|1
805|0
806|1
807|0
808|0
809|1
810|0
811|110
812|1
813|2
814|0
815|1
816|0
817|1
818|1
819|1
820|0
821|14
822|0
823|0
824|1
825|0
826|72
827|1
828|0
829|1
830|0
831|0
832|1
833|0
834|52
835|1
836|0
837|0
838|0
839|0
840|115
841|33
842|47
843|0
844|38
845|10
846|0
847|0
848|0
849|0
850|91
851|0
852|1
853|1
854|1
855|0
856|0
857|1
858|1
859|1
860|1
861|1
862|0
863|0
864|24
865|58
866|0
867|1
868|0
869|33
870|0
871|0
872|1
873|0
874|0
875|0
876|0
877|0
878|0
879|0
880|1
881|0
882|0
883|0
884|0
885|0
886|1
887|0
888|0
889|0
890|0
891|1
892|0
893|0
894|1
895|0
896|1
897|0
898|5
899|0
900|1
901|0
902|0
903|1
904|1
905|0
906|0
907|0
908|0
909|1
910|0
911|0
912|0
913|0
914|0
915|1
916|0
917|0
918|0
919|0
920|5
921|0
922|1
923|1
924|1
925|1
926|0
927|0
928|0
929|0
930|1
931|1
932|58
933|1
934|0
935|0
936|52
937|0
938|0
939|1
940|0
941|0
942|0
943|0
944|0
945|0
946|2
947|0
948|0
949|0
950|0
951|0
952|0
953|0
954|0
955|0
956|6
957|20
958|0
959|10
960|16
961|16
962|8
963|0
964|1
965|62
966|0
967|28
968|0
969|1
970|1
971|1
972|1
973|0
974|0
975|0
976|0
977|0
978|0
979|0
980|0
981|1
982|0
983|0
984|0
985|1
986|0
987|1
988|0
989|0
990|0
991|0
992|0
993|0
994|0
995|1
996|0
997|1
998|1
999|0
1000|0
1001|0
1002|1
1003|0
1004|1
1005|0
1006|0
1007|0
1008|0
1009|72
1010|1
1011|42
1012|2
1013|1
1014|1
1015|2
1016|0
1017|0
1018|1
1019|50
1020|0
1021|0
1022|1
1023|1
1024|0
1025|1
1026|0
1027|107
1028|0
1029|1
1030|1
1031|1
1032|0
1033|1
1034|1
1035|0
1036|0
1037|67
1038|0
1039|0
1040|0
1041|0
1042|0
1043|0
1044|1
1045|0
1046|1
1047|1
1048|0
1049|1
1050|0
1051|0
1052|0
1053|1
1054|1
1055|1
1056|0
1057|0
1058|1
1059|0
1060|2
1061|1
1062|0
1063|0
1064|2
1065|41
1066|1
1067|1
1068|1
1069|92
1070|0
1071|1
1072|58
1073|0
1074|0
1075|0
1076|1
1077|0
1078|0
1079|0
1080|2
1081|2
1082|1
1083|1
1084|1
1085|1
1086|124
1087|2
1088|0
1089|79
1090|2
1091|1
1092|2
1093|1
1094|2
1095|63
1096|1
1097|0
1098|0
1099|1
1100|1
1101|2
1102|1
1103|0
1104|0
1105|1
1106|2
1107|1
1108|0
1109|38
1110|0
1111|0
1112|0
1113|1
1114|0
1115|55
1116|27
1117|77
1118|0
1119|0
1120|0
1121|0
1122|1
1123|0
1124|1
1125|1
1126|0
1127|0
1128|0
1129|0
1130|0
1131|0
1132|1
1133|0
1134|1
1135|0
1136|2
1137|1
1138|1
1139|0
1140|1
1141|1
1142|0
1143|0
1144|0
1145|0
1146|0
1147|0
1148|0
1149|0
1150|0
1151|1
1152|2
1153|61
1154|0
1155|0
1156|0
1157|0
1158|0
1159|0
1160|0
1161|0
1162|8
1163|0
1164|1
1165|1
1166|0
1167|17
1168|0
1169|0
1170|1
1171|1
1172|0
1173|1
1174|6
1175|0
1176|0
1177|0
1178|67
1179|4
1180|3
1181|64
1182|0
1183|5
1184|0
1185|0
1186|4
1187|5
1188|0
1189|56
1190|99
1191|2
1192|24
1193|1
1194|4
1195|0
1196|1
1197|1
1198|0
1199|0
1200|0
1201|0
1202|0
1203|0
1204|9
1205|1
1206|0
1207|5
1208|0
1209|0
1210|0
1211|0
1212|7
1213|0
1214|0
1215|0
1216|1
1217|1
1218|1
1219|0
1220|2
1221|0
1222|1
1223|1
1224|1
1225|1
1226|2
1227|1
1228|1
1229|0
1230|1
1231|1
1232|1
1233|2
1234|0
1235|1
1236|1
1237|1
1238|1
1239|1
1240|1
1241|3
1242|1
1243|1
1244|2
1245|1
1246|1
1247|74
1248|1
1249|46
1250|2
1251|45
1252|42
1253|1
1254|54
1255|56
1256|1
1257|2
1258|3
1259|1
1260|1
1261|0
1262|0
1263|1
1264|0
1265|18
1266|0
1267|0
1268|8
1269|43
1270|0
1271|0
1272|15
1273|48
1274|1
1275|1
1276|1
1277|0
1278|2
1279|2
1280|0
1281|2
1282|0
1283|1
1284|1
1285|1
1286|1
1287|2
1288|54
1289|2
1290|3
1291|2
1292|1
1293|1
1294|1
1295|1
1296|2
1297|1
1298|1
1299|36
1300|1
1301|1
1302|1
1303|1
1304|1
1305|0
1306|101
1307|0
1308|0
1309|1
1310|36
1311|1
1312|1
1313|0
1314|0
1315|1
1316|0
1317|1
1318|1
1319|1
1320|25
1321|1
1322|1
1323|2
1324|1
1325|1
1326|74
1327|2
1328|2
1329|1
1330|2
1331|78
1332|153
1333|100
1334|229
1335|233
1336|140
1337|99
1338|122
1339|97
1340|129
1341|78
1342|0
1343|0
1344|0
1345|0
1346|0
1347|1
1348|0
1349|17
1350|0
1351|64
1352|0
1353|0
1354|27
1355|1
1356|1
1357|0
1358|2
1359|0
1360|1
1361|2
1362|1
1363|1
1364|2
1365|0
1366|1
1367|2
1368|0
1369|2
1370|0
1371|0
1372|0
1373|1
1374|0
1375|0
1376|0
1377|0
1378|0
1379|0
1380|1
1381|2
1382|30
1383|48
1384|26
1385|0
1386|0
1387|0
1388|0
1389|0
1390|1
1391|0
1392|4
1393|0
1394|1
1395|1
1396|1
1397|64
1398|53
1399|31
1400|55
1401|0
1402|9
1403|12
1404|2
1405|1
1406|0
1407|1
1408|0
1409|0
1410|26
1411|11
1412|0
1413|0
1414|0
1415|0
1416|0
1417|0
1418|0
1419|0
1420|6
1421|0
1422|0
1423|21
1424|9
1425|22
1426|0
1427|0
1428|0
1429|0
1430|0
1431|18
1432|0
1433|28
1434|25
1435|53
1436|11
1437|11
1438|7
1439|10
1440|34
1441|7
1442|10
1443|0
1444|0
1445|0
1446|0
1447|0
1448|1
1449|0
1450|0
1451|94
1452|1
1453|1
1454|36
1455|2
1456|0
1457|0
1458|12
1459|8
1460|7
1461|0
1462|0
1463|0
1464|0
1465|0
1466|0
1467|0
1468|0
1469|1
1470|1
1471|1
1472|1
1473|1
1474|0
1475|1
1476|1
1477|1
1478|1
1479|1
1480|2
1481|1
1482|0
1483|1
1484|101
1485|106
1486|126
1487|61
1488|66
1489|29
1490|92
1491|0
1492|189
1493|40
1494|47
1495|80
1496|0
1497|0
1498|0
1499|0
1500|1
1501|0
1502|2
1503|0
1504|0
1505|0
1506|0
1507|2
1508|1
1509|1
1510|1
1511|1
1512|1
1513|1
1514|0
1515|2
1516|1
1517|0
1518|6
1519|0
1520|1
1521|7
1522|9
1523|18
1524|9
1525|1
1526|44
1527|1
1528|0
1529|1
1530|22
1531|21
1532|0
1533|59
1534|0
1535|94
1536|0
1537|0
1538|70
1539|46
1540|96
1541|0
1542|0
1543|0
1544|0
1545|0
1546|136
1547|1
1548|1
1549|0
1550|0
1551|0
1552|0
1553|0
1554|0
1555|0
1556|0
1557|0
1558|0
1559|0
1560|0
1561|0
1562|0
1563|0
1564|0
1565|0
1566|0
1567|0
1568|0
1569|0
1570|0
1571|0
1572|0
1573|0
1574|0
1575|0
1576|0
1577|0
1578|0
1579|0
1580|0
1581|0
1582|0
1583|0
1584|0
1585|0
1586|0
1587|0
1588|0
1589|0
1590|0
1591|0
1592|0
1593|0
1594|0
1595|0
1596|0
1597|0
1598|0
1599|0
1600|0
1601|0
1602|0
1603|0
1604|0
1605|0
1606|0
1607|0
1608|0
1609|0
1610|0
1611|0
1612|0
1613|0
1614|0
1615|0
1616|0
1617|0
1618|0
1619|0
1620|0
1621|0
1622|0
1623|0
1624|0
1625|0
1626|0
1627|1
1628|0
1629|0
1630|0
1631|0
1632|0
1633|0
1634|0
1635|0
1636|0
1637|0
1638|0
1639|0
1640|0
1641|0
1642|0
1643|0
1644|0
1645|0
1646|0
1647|0
1648|0
1649|0
1650|0
1651|0
1652|0
1653|0
1654|0
1655|0
1656|0
1657|0
1658|0
1659|0
1660|0
1661|0
1662|0
1663|0
1664|0
1665|0
1666|0
1667|0
1668|0
1669|0
1670|0
1671|0
1672|0
1673|0
1674|0
1675|0
1676|0
1677|0
1678|0
1679|0
1680|0
1681|0
1682|0
1683|0
1684|0
1685|0
1686|0
1687|0
1688|0
1689|0
1690|0
1691|0
1692|0
1693|0
1694|1
1695|0
1696|0
1697|0
1698|0
1699|1
1700|0
1701|0
1702|0
1703|0
1704|0
1705|0
1706|0
1707|0
1708|0
1709|0
1710|0
1711|0
1712|0
1713|0
1714|0
1715|0
1716|0
1717|0
1718|0
1719|0
1720|0
1721|0
1722|0
1723|0
1724|0
1725|0
1726|0
1727|0
1728|0
1729|0
1730|0
1731|0
1732|0
1733|0
1734|0
1735|0
1736|0
1737|0
1738|0
1739|0
1740|0
1741|0
1742|0
1743|0
1744|0
1745|0
1746|0
1747|0
1748|0
1749|0
1750|0
1751|0
1752|0
1753|0
1754|0
1755|0
1756|0
1757|0
1758|0
1759|0
1760|0
1761|0
1762|0
1763|0
1764|0
1765|0
1766|0
1767|0
1768|0
1769|0
1770|0
1771|0
1772|0
1773|0
1774|0
1775|0
1776|0
1777|0
1778|0
1779|0
1780|0
1781|0
1782|0
1783|0
1784|0
1785|0
1786|0
1787|0
1788|0
1789|0
1790|0
1791|0
1792|0
1793|0
1794|0
1795|0
1796|0
1797|0
1798|0
1799|0
1800|0
1801|0
1802|0
1803|0
1804|0
1805|0
1806|2
1807|1
1808|2
1809|1
1810|1
1811|1
1812|1
1813|1
1814|109
1815|3
1816|2
1817|2
1818|2
1819|1
1820|3
1821|2
1822|72
1823|1
1824|75
1825|2
1826|2
1827|2
1828|3
1829|74
1830|132
1831|0
1832|0
1833|1
1834|0
1835|1
1836|1
1837|137
1838|1
1839|125
1840|3
1841|99
1842|80
1843|2
1844|96
1845|1
1846|1
1847|181
1848|2
1849|2
1850|1
1851|96
1852|204
1853|2
1854|1
1855|1
1856|0
1857|176
1858|2
1859|2
1860|0
1861|3
1862|0
1863|0
1864|0
1865|1
1866|196
1867|119
1868|0
1869|71
1870|172
1871|170
1872|0
1873|0
1874|199
1875|181
1876|1
1877|4
1878|4
1879|2
1880|1
1881|0
1882|3
1883|0
1884|0
1885|2
1886|2
1887|59
1888|0
1889|1
1890|0
1891|0
1892|1
1893|1
1894|1
1895|0
1896|1
1897|0
1898|0
1899|1
1900|0
1901|1
1902|1
1903|1
1904|0
1905|75
1906|148
1907|65
1908|1
1909|201
1910|1
1911|1
1912|66
1913|171
1914|236
1915|0
1916|4
1917|3
1918|1
1919|1
1920|0
1921|2
1922|2
1923|2
1924|1
1925|3
1926|1
1927|2
1928|4
1929|2
1930|3
1931|3
1932|7
1933|4
1934|0
1935|4
1936|3
1937|3
1938|2
1939|4
1940|4
1941|0
1942|0
1943|70
1944|146
1945|54
1946|0
1947|0
1948|1
1949|0
1950|0
1951|22
1952|0
1953|1
1954|0
1955|1
1956|0
1957|71
1958|2
1959|0
1960|73
1961|74
1962|0
1963|0
1964|68
1965|1
1966|0
1967|0
1968|0
1969|1
1970|0
1971|0
1972|1
1973|1
1974|0
1975|0
1976|1
1977|0
1978|0
1979|0
1980|0
1981|3
1982|4
1983|0
1984|0
1985|0
1986|6
1987|29
1988|0
1989|1
1990|4
1991|2
1992|2
1993|0
1994|0
1995|23
1996|82
1997|19
1998|1
1999|0
2000|0
2001|0
2002|0
2003|0
2004|85
2005|0
2006|0
2007|0
2008|67
2009|66
2010|0
2011|0
2012|0
2013|0
2014|0
2015|1
2016|0
2017|2
2018|1
2019|113
2020|1
2021|2
2022|3
2023|91
2024|1
2025|1
2026|1
2027|76
2028|1
2029|1
2030|1
2031|2
2032|0
2033|2
2034|1
2035|0
2036|3
2037|2
2038|0
2039|159
2040|1
2041|0
2042|1
2043|1
2044|2
2045|176
2046|60
2047|0
2048|0
2049|0
2050|0
2051|0
2052|0
2053|0
2054|0
2055|0
2056|1
2057|2
2058|2
2059|1
2060|2
2061|4
2062|1
2063|1
2064|44
2065|1
2066|1
2067|1
2068|1
2069|43
2070|0
2071|1
2072|0
2073|0
2074|1
2075|2
2076|1
2077|0
2078|0
2079|0
2080|0
2081|1
2082|1
2083|1
2084|66
2085|65
2086|1
2087|1
2088|0
2089|0
2090|1
2091|60
2092|1
2093|3
2094|0
2095|0
2096|0
2097|0
2098|0
2099|0
2100|0
2101|0
2102|0
2103|0
2104|1
2105|1
2106|1
2107|1
2108|2
2109|1
2110|2
2111|2
2112|0
2113|0
2114|0
2115|0
2116|0
2117|0
2118|0
2119|0
2120|0
2121|0
2122|2
2123|1
2124|0
2125|0
2126|1
2127|0
2128|0
2129|1
2130|0
2131|0
2132|0
2133|0
2134|2
2135|5
2136|4
2137|5
2138|4
2139|4
2140|4
2141|5
2142|4
2143|4
2144|4
2145|4
2146|4
2147|0
2148|64
2149|1
2150|2
2151|2
2152|1
2153|62
2154|4
2155|4
2156|4
2157|5
2158|1
2159|1
2160|0
2161|1
2162|1
2163|1
2164|0
2165|0
2166|0
2167|0
2168|0
2169|0
2170|0
2171|0
2172|1
2173|0
2174|64
2175|0
2176|64
2177|0
2178|0
2179|0
2180|0
2181|0
2182|0
2183|20
2184|0
2185|22
2186|0
2187|0
2188|0
2189|0
2190|0
2191|0
2192|2
2193|0
2194|2
2195|3
2196|5
2197|64
2198|76
2199|1
2200|0
2201|3
2202|0
2203|0
2204|4
2205|1
2206|1
2207|1
2208|2
2209|2
2210|65
2211|1
2212|3
2213|1
2214|2
2215|0
2216|3
2217|1
2218|1
2219|0
2220|0
2221|0
2222|0
2223|0
2224|0
2225|0
2226|0
2227|0
2228|0
2229|0
2230|0
2231|5
2232|0
2233|0
2234|76
2235|0
2236|63
2237|76
2238|2
2239|78
2240|0
2241|1
2242|1
2243|1
2244|2
2245|2
2246|1
2247|52
2248|71
2249|0
2250|0
2251|77
2252|0
2253|0
2254|0
2255|72
2256|0
2257|0
2258|56
2259|77
2260|0
2261|0
2262|0
2263|0
2264|64
2265|70
2266|55
2267|0
2268|77
2269|101
2270|1
2271|0
2272|0
2273|0
2274|0
2275|0
2276|0
2277|0
2278|0
2279|0
2280|0
2281|0
2282|0
2283|0
2284|0
2285|0
2286|0
2287|1
2288|1
2289|0
2290|2
2291|1
2292|2
2293|2
2294|1
2295|1
2296|1
2297|1
2298|1
2299|1
2300|1
2301|0
2302|1
2303|0
2304|0
2305|1
2306|2
2307|0
2308|0
2309|1
2310|1
2311|1
2312|0
2313|0
2314|0
2315|1
2316|0
2317|0
2318|21
2319|0
2320|23
2321|22
2322|0
2323|1
2324|1
2325|1
2326|0
2327|1
2328|1
2329|0
2330|0
2331|1
2332|0
2333|0
2334|0
2335|0
2336|1
2337|0
2338|0
2339|0
2340|1
2341|0
2342|65
2343|72
2344|191
2345|0
2346|166
2347|169
2348|178
2349|0
2350|207
2351|155
2352|175
2353|155
2354|187
2355|0
2356|0
2357|0
2358|0
2359|0
2360|0
2361|3
2362|3
2363|1
2364|1
2365|0
2366|1
2367|4
2368|0
2369|0
2370|1
2371|1
2372|178
2373|0
2374|0
2375|0
2376|0
2377|0
2378|63
2379|81
2380|206
2381|197
2382|1
2383|1
2384|71
2385|67
2386|82
2387|0
2388|0
2389|0
2390|0
2391|0
2392|0
2393|0
2394|1
2395|0
2396|0
2397|0
2398|0
2399|0
2400|0
2401|0
2402|0
2403|0
2404|0
2405|0
2406|0
2407|0
2408|1
2409|0
2410|0
2411|2
2412|2
2413|2
2414|0
2415|2
2416|2
2417|0
2418|2
2419|0
2420|0
2421|1
2422|2
2423|2
2424|2
2425|2
2426|0
2427|1
2428|1
2429|1
2430|1
2431|1
2432|1
2433|2
2434|0
2435|0
2436|0
2437|67
2438|70
2439|76
2440|68
2441|2
2442|63
2443|70
2444|67
2445|57
2446|69
2447|66
2448|1
2449|0
2450|1
2451|0
2452|0
2453|0
2454|0
2455|2
2456|0
2457|0
2458|1
2459|0
2460|41
2461|0
2462|2
2463|0
2464|0
2465|0
2466|1
2467|2
2468|0
2469|1
2470|0
2471|1
2472|0
2473|0
2474|0
2475|0
2476|4
2477|2
2478|1
2479|58
2480|0
2481|1
2482|1
2483|0
2484|71
2485|68
2486|70
2487|0
2488|0
2489|68
2490|0
2491|0
2492|68
2493|1
2494|1
2495|0
2496|0
2497|0
2498|0
2499|3
2500|1
2501|0
2502|0
2503|0
2504|1
2505|1
2506|1
2507|0
2508|2
2509|1
2510|1
2511|0
2512|0
2513|0
2514|0
2515|1
2516|1
2517|0
2518|0
2519|4
2520|2
2521|37
2522|0
2523|1
2524|1
2525|1
2526|1
2527|1
2528|1
2529|3
2530|1
2531|3
2532|3
2533|3
2534|0
2535|1
2536|1
2537|0
2538|2
2539|1
2540|3
2541|1
2542|0
2543|2
2544|1
2545|0
2546|30
2547|0
2548|1
2549|34
2550|0
2551|0
2552|1
2553|0
2554|0
2555|1
2556|0
2557|0
2558|0
2559|0
2560|0
2561|0
2562|1
2563|0
2564|0
2565|0
2566|1
2567|0
2568|0
2569|0
2570|67
2571|74
2572|2
2573|1
2574|25
2575|0
2576|0
2577|26
2578|0
2579|0
2580|0
2581|0
2582|67
2583|0
2584|0
2585|1
2586|0
2587|1
2588|0
2589|0
2590|0
2591|0
2592|0
2593|0
2594|0
2595|0
2596|0
2597|0
2598|0
2599|0
2600|0
2601|0
2602|0
2603|2
2604|0
2605|0
2606|0
2607|2
2608|0
2609|0
2610|1
2611|0
2612|1
2613|0
2614|3
2615|0
2616|0
2617|0
2618|2
2619|2
2620|4
2621|4
2622|3
2623|3
2624|3
2625|4
2626|5
2627|3
2628|4
2629|3
2630|3
2631|4
2632|0
2633|1
2634|3
2635|2
2636|1
2637|58
2638|1
2639|62
2640|1
2641|3
2642|0
2643|0
2644|0
2645|0
2646|0
2647|0
2648|0
2649|0
2650|0
2651|0
2652|0
2653|0
2654|0
2655|1
2656|0
2657|0
2658|0
2659|0
2660|0
2661|1
2662|0
2663|0
2664|0
2665|0
2666|2
2667|0
2668|4
2669|0
2670|1
2671|57
2672|1
2673|1
2674|0
2675|1
2676|2
2677|0
2678|6
2679|4
2680|0
2681|2
2682|3
2683|2
2684|59
2685|2
2686|3
2687|3
2688|3
2689|2
2690|0
2691|0
2692|0
2693|0
2694|0
2695|0
2696|0
2697|0
2698|0
2699|0
2700|0
2701|0
2702|0
2703|0
2704|0
2705|0
2706|0
2707|1
2708|2
2709|2
2710|1
2711|3
2712|87
2713|4
2714|0
2715|0
2716|1
2717|1
2718|1
2719|0
2720|2
2721|0
2722|0
2723|0
2724|2
2725|0
2726|138
2727|187
2728|1
2729|1
2730|1
2731|1
2732|156
2733|138
2734|165
2735|0
2736|0
2737|145
2738|143
2739|140
2740|136
2741|139
2742|156
2743|136
2744|131
2745|4
2746|1
2747|1
2748|1
2749|58
2750|2
2751|1
2752|1
2753|0
2754|1
2755|1
2756|1
2757|2
2758|2
2759|2
2760|1
2761|0
2762|0
2763|0
2764|0
2765|0
2766|0
2767|0
2768|0
2769|0
2770|0
2771|0
2772|0
2773|2
2774|0
2775|0
2776|0
2777|0
2778|0
2779|0
2780|0
2781|0
2782|0
2783|0
2784|0
2785|1
2786|1
2787|0
2788|0
2789|0
2790|1
2791|1
2792|0
2793|0
2794|1
2795|0
2796|0
2797|0
2798|0
2799|0
2800|0
2801|0
2802|0
2803|0
2804|0
2805|0
2806|0
2807|0
2808|0
2809|0
2810|0
2811|0
2812|0
2813|0
2814|0
2815|0
2816|0
2817|0
2818|0
2819|0
2820|0
2821|146
2822|0
2823|0
2824|100
2825|62
2826|74
2827|79
2828|78
2829|80
2830|0
2831|73
2832|106
2833|83
2834|107
2835|90
2836|0
2837|72
2838|84
2839|102
2840|74
2841|0
2842|77
2843|88
2844|85
2845|84
2846|71
2847|0
2848|82
2849|83
2850|74
2851|0
2852|0
2853|2
2854|89
2855|1
2856|81
2857|1
2858|1
2859|1
2860|1
2861|0
2862|0
2863|0
2864|0
2865|0
2866|0
2867|0
2868|0
2869|0
2870|0
2871|0
2872|0
2873|0
2874|0
2875|0
2876|0
2877|0
2878|0
2879|0
2880|0
2881|0
2882|0
2883|0
2884|0
2885|0
2886|0
2887|0
2888|138
2889|142
2890|0
2891|224
2892|0
2893|133
2894|232
2895|117
2896|121
2897|126
2898|123
2899|120
2900|120
2901|146
2902|125
2903|136
2904|138
2905|153
2906|153
2907|122
2908|121
2909|31
2910|30
2911|0
2912|0
2913|20
2914|34
2915|33
2916|31
2917|1
2918|0
2919|0
2920|0
2921|0
2922|0
2923|0
2924|0
2925|0
2926|0
2927|0
2928|0
2929|0
2930|0
2931|0
2932|0
2933|0
2934|0
2935|0
2936|0
2937|0
2938|0
2939|0
2940|0
2941|0
2942|0
2943|0
2944|0
2945|0
2946|0
2947|0
2948|0
2949|0
2950|0
2951|0
2952|0
2953|0
2954|0
2955|0
2956|0
2957|0
2958|0
2959|0
2960|0
2961|0
2962|0
2963|0
2964|0
2965|1
2966|0
2967|0
2968|0
2969|0
2970|1
2971|0
2972|0
2973|0
2974|0
2975|1
2976|0
2977|0
2978|0
2979|0
2980|0
2981|1
2982|0
2983|0
2984|0
2985|0
2986|0
2987|1
2988|0
2989|0
2990|0
2991|0
2992|0
2993|0
2994|0
2995|0
2996|0
2997|0
2998|0
2999|0
3000|0
3001|0
3002|0
3003|0
3004|0
3005|0
3006|0
3007|0
3008|0
3009|0
3010|0
3011|0
3012|0
3013|0
3014|1
3015|0
3016|1
3017|0
3018|0
3019|0
3020|0
3021|0
3022|0
3023|0
3024|0
3025|0
3026|0
3027|0
3028|0
3029|0
3030|0
3031|0
3032|0
3033|0
3034|0
3035|0
3036|0
3037|0
3038|0
3039|0
3040|0
3041|0
3042|0
3043|0
3044|0
3045|0
3046|0
3047|0
3048|0
3049|0
3050|0
3051|0
3052|0
3053|0
3054|0
3055|0
3056|0
3057|0
3058|0
3059|0
3060|0
3061|0
3062|0
3063|0
3064|0
3065|0
3066|0
3067|0
3068|0
3069|0
3070|0
3071|0
3072|0
3073|0
3074|0
3075|0
3076|0
3077|0
3078|0
3079|0
3080|0
3081|1
3082|1
3083|0
3084|0
3085|0
3086|2
3087|2
3088|0
3089|1
3090|18
3091|1
3092|23
3093|0
3094|1
3095|10
3096|1
3097|17
3098|1
3099|1
3100|10
3101|2
3102|0
3103|1
3104|0
3105|1
3106|0
3107|0
3108|1
3109|0
3110|8
3111|0
3112|1
3113|32
3114|0
3115|1
3116|0
3117|1
3118|1
3119|0
3120|17
3121|0
3122|0
3123|1
3124|0
3125|126
3126|52
3127|4
3128|0
3129|0
3130|0
3131|0
3132|1
3133|1
3134|2
3135|53
3136|0
3137|0
3138|0
3139|2
3140|2
3141|0
3142|1
3143|66
3144|3
3145|2
3146|4
3147|0
3148|0
3149|0
3150|2
3151|0
3152|2
3153|1
3154|2
3155|0
3156|3
3157|0
3158|2
3159|0
3160|0
3161|1
3162|0
3163|3
3164|0
3165|2
3166|0
3167|3
3168|3
3169|1
3170|2
3171|3
3172|2
3173|1
3174|2
3175|3
3176|28
3177|52
3178|0
3179|3
3180|2
3181|1
3182|0
3183|0
3184|3
3185|0
3186|2
3187|3
3188|0
3189|2
3190|0
3191|2
3192|0
3193|0
3194|0
3195|0
3196|45
3197|0
3198|0
3199|0
3200|2
3201|1
3202|3
3203|1
3204|2
3205|3
3206|1
3207|3
3208|3
3209|3
3210|3
3211|2
3212|2
3213|0
3214|1
3215|0
3216|2
3217|1
3218|0
3219|3
3220|1
3221|2
3222|0
3223|1
3224|2
3225|51
3226|1
3227|2
3228|2
3229|3
3230|2
3231|2
3232|0
3233|2
3234|1
3235|2
3236|0
3237|1
3238|1
3239|1
3240|2
3241|2
3242|1
3243|4
3244|2
3245|2
3246|54
3247|2
3248|1
3249|1
3250|1
3251|77
3252|0
3253|3
3254|0
3255|0
3256|0
3257|2
3258|0
3259|0
3260|0
3261|0
3262|1
3263|2
3264|2
3265|0
3266|0
3267|0
3268|0
3269|0
3270|2
3271|1
3272|0
3273|0
3274|92
3275|2
3276|2
3277|0
3278|1
3279|1
3280|1
3281|0
3282|2
3283|1
3284|144
3285|58
3286|1
3287|4
3288|2
3289|54
3290|184
3291|2
3292|59
3293|1
3294|55
3295|66
3296|60
3297|0
3298|1
3299|2
3300|70
3301|1
3302|67
3303|1
3304|64
3305|1
3306|1
3307|75
3308|53
3309|62
3310|1
3311|2
3312|70
3313|1
3314|2
3315|2
3316|54
3317|60
3318|58
3319|63
3320|1
3321|74
3322|1
3323|51
3324|1
3325|1
3326|62
3327|67
3328|2
3329|1
3330|2
3331|61
3332|59
3333|56
3334|60
3335|59
3336|1
3337|70
3338|1
3339|2
3340|1
3341|65
3342|1
3343|64
3344|0
3345|2
3346|2
3347|1
3348|199
3349|195
3350|201
3351|179
3352|233
3353|1
3354|174
3355|156
3356|231
3357|187
3358|238
3359|215
3360|231
3361|102
3362|172
3363|230
3364|194
3365|1
3366|71
3367|2
3368|4
3369|60
3370|1
3371|1
3372|2
3373|2
3374|1
3375|2
3376|2
3377|2
3378|2
3379|2
3380|2
3381|2
3382|2
3383|2
3384|2
3385|2
3386|2
3387|1
3388|62
3389|2
3390|2
3391|2
3392|1
3393|2
3394|136
3395|68
3396|65
3397|2
3398|2
3399|2
3400|3
3401|2
3402|4
3403|0
3404|4
3405|79
3406|2
3407|1
3408|1
3409|2
3410|1
3411|1
3412|2
3413|62
3414|67
3415|0
3416|2
3417|67
3418|62
3419|2
3420|2
3421|94
3422|1
3423|67
3424|56
3425|2
3426|2
3427|2
3428|2
3429|1
3430|2
3431|103
3432|62
3433|1
3434|3
3435|2
3436|2
3437|2
3438|61
3439|0
3440|0
3441|62
3442|1
3443|0
3444|77
3445|1
3446|2
3447|2
3448|60
3449|2
3450|1
3451|64
3452|1
3453|2
3454|66
3455|1
3456|71
3457|0
3458|0
3459|3
3460|2
3461|1
3462|3
3463|85
3464|3
3465|64
3466|1
3467|56
3468|4
3469|2
3470|0
3471|2
3472|3
3473|3
3474|56
3475|2
3476|2
3477|60
3478|4
3479|2
3480|1
3481|1
3482|2
3483|71
3484|2
3485|68
3486|53
3487|52
3488|2
3489|1
3490|62
3491|1
3492|2
3493|65
3494|69
3495|66
3496|53
3497|3
3498|69
3499|3
3500|2
3501|64
3502|1
3503|65
3504|54
3505|0
3506|86
3507|47
3508|3
3509|2
3510|178
3511|149
3512|0
3513|0
3514|0
3515|156
3516|156
3517|154
3518|155
3519|170
3520|160
3521|158
3522|154
3523|209
3524|153
3525|180
3526|168
3527|172
3528|1
3529|160
3530|160
3531|169
3532|0
3533|156
3534|158
3535|0
3536|142
3537|163
3538|0
3539|131
3540|155
3541|152
3542|0
3543|0
3544|205
3545|159
3546|159
3547|187
3548|152
3549|157
3550|0
3551|168
3552|158
3553|176
3554|150
3555|0
3556|161
3557|155
3558|168
3559|174
3560|156
3561|1
3562|2
3563|4
3564|1
3565|72
3566|1
3567|178
3568|2
3569|2
3570|68
3571|1
3572|1
3573|3
3574|3
3575|2
3576|2
3577|3
3578|0
3579|3
3580|3
3581|81
3582|1
3583|1
3584|1
3585|72
3586|1
3587|0
3588|1
3589|1
3590|73
3591|64
3592|2
3593|1
3594|4
3595|4
3596|52
3597|2
3598|1
3599|65
3600|0
3601|3
3602|1
3603|3
3604|1
3605|2
3606|2
3607|2
3608|55
3609|1
3610|4
3611|2
3612|56
3613|3
3614|4
3615|3
3616|2
3617|2
3618|4
3619|1
3620|1
3621|3
3622|51
3623|53
3624|4
3625|0
3626|1
3627|51
3628|1
3629|72
3630|53
3631|2
3632|4
3633|4
3634|57
3635|52
3636|1
3637|57
3638|6
3639|1
3640|1
3641|3
3642|2
3643|2
3644|1
3645|0
3646|0
3647|0
3648|0
3649|0
3650|0
3651|0
3652|0
3653|0
3654|0
3655|0
3656|0
3657|0
3658|0
3659|0
3660|0
3661|64
3662|49
3663|60
3664|3
3665|3
3666|74
3667|4
3668|1
3669|1
3670|1
3671|54
3672|2
3673|58
3674|3
3675|2
3676|70
3677|2
3678|74
3679|70
3680|2
3681|3
3682|2
3683|2
3684|2
3685|3
3686|1
3687|2
3688|3
3689|113
3690|83
3691|55
3692|5
3693|81
3694|5
3695|172
3696|190
3697|193
3698|198
3699|234
3700|175
3701|165
3702|191
3703|148
3704|226
3705|202
3706|155
3707|162
3708|220
3709|161
3710|171
3711|159
3712|195
3713|172
3714|179
3715|179
3716|167
3717|173
3718|206
3719|165
3720|176
3721|166
3722|163
3723|159
3724|158
3725|170
3726|166
3727|173
3728|160
3729|3
3730|3
3731|1
3732|31
3733|59
3734|103
3735|170
3736|3
3737|3
3738|3
3739|121
3740|3
3741|77
3742|2
3743|74
3744|87
3745|102
3746|83
3747|75
3748|3
3749|89
3750|86
3751|90
3752|83
3753|94
3754|84
3755|82
3756|2
3757|86
3758|136
3759|3
3760|1
3761|81
3762|2
3763|77
3764|1
3765|73
3766|2
3767|2
3768|83
3769|2
3770|125
3771|113
3772|0
3773|52
3774|81
3775|0
3776|119
3777|140
3778|0
3779|152
3780|69
3781|3
3782|3
3783|73
3784|64
3785|86
3786|3
3787|66
3788|3
3789|3
3790|58
3791|3
3792|3
3793|2
3794|67
3795|70
3796|4
3797|51
3798|91
3799|3
3800|3
3801|3
3802|3
3803|68
3804|3
3805|2
3806|79
3807|3
3808|164
3809|59
3810|79
3811|2
3812|3
3813|2
3814|2
3815|3
3816|3
3817|2
3818|1
3819|2
3820|2
3821|3
3822|77
3823|1
3824|1
3825|70
3826|85
3827|2
3828|2
3829|2
3830|165
3831|1
3832|1
3833|86
3834|2
3835|60
3836|191
3837|0
3838|139
3839|181
3840|162
3841|142
3842|139
3843|150
3844|156
3845|142
3846|140
3847|163
3848|158
3849|164
3850|154
3851|153
3852|0
3853|157
3854|170
3855|172
3856|157
3857|4
3858|4
3859|4
3860|4
3861|3
3862|4
3863|3
3864|5
3865|4
3866|4
3867|4
3868|5
3869|3
3870|3
3871|80
3872|4
3873|4
3874|85
3875|5
3876|5
3877|3
3878|3
3879|4
3880|3
3881|4
3882|4
3883|4
3884|3
3885|3
3886|3
3887|4
3888|80
3889|89
3890|4
3891|69
3892|3
3893|4
3894|4
3895|56
3896|3
3897|0
3898|0
3899|0
3900|0
3901|0
3902|0
3903|0
3904|0
3905|0
3906|0
3907|0
3908|0
3909|0
3910|0
3911|0
3912|0
3913|0
3914|0
3915|0
3916|0
3917|0
3918|0
3919|0
3920|0
3921|0
3922|0
3923|0
3924|0
3925|0
3926|0
3927|0
3928|0
3929|0
3930|0
3931|0
3932|0
3933|0
3934|0
3935|0
3936|0
3937|0
3938|0
3939|0
3940|0
3941|0
3942|0
3943|0
3944|0
3945|0
3946|0
3947|0
3948|0
3949|0
3950|0
3951|0
3952|0
3953|0
3954|0
3955|0
3956|0
3957|0
3958|0
3959|0
3960|0
3961|0
3962|0
3963|0
3964|0
3965|0
3966|0
3967|0
3968|155
3969|161
3970|194
3971|164
3972|202
3973|208
3974|192
3975|200
3976|186
3977|184
3978|178
3979|182
3980|245
3981|151
3982|172
3983|155
3984|234
3985|250
3986|185
3987|138
3988|190
3989|199
3990|138
3991|167
3992|164
3993|139
3994|177
3995|182
3996|245
3997|160
3998|207
3999|162
4000|179
4001|155
4002|153
4003|180
4004|124
4005|152
4006|156
4007|131
4008|168
4009|142
4010|0
4011|0
4012|0
4013|0
4014|0
4015|0
4016|0
4017|0
4018|0
4019|0
4020|0
4021|0
4022|0
4023|0
4024|0
4025|0
4026|0
4027|0
4028|0
4029|0
4030|0
4031|0
4032|0
4033|0
4034|0
4035|0
4036|0
4037|0
4038|0
4039|0
4040|0
4041|0
4042|0
4043|0
4044|0
4045|0
4046|0
4047|0
4048|0
4049|0
4050|0
4051|0
4052|0
4053|0
4054|0
4055|0
4056|0
4057|0
4058|0
4059|0
4060|0
4061|0
4062|0
4063|0
4064|0
4065|0
4066|0
4067|0
4068|0
4069|0
4070|0
4071|0
4072|0
4073|0
4074|0
4075|0
4076|0
4077|0
4078|0
4079|0
4080|0
4081|0
4082|0
4083|108
4084|0
4085|146
4086|160
4087|136
4088|0
4089|0
4090|0
4091|0
4092|0
4093|0
4094|0
4095|0
4096|0
4097|0
4098|0
4099|0
4100|0
4101|0
4102|0
4103|0
4104|0
4105|0
4106|0
4107|0
4108|0
4109|0
4110|0
4111|0
4112|0
4113|0
4114|0
4115|0
4116|0
4117|0
4118|0
4119|0
4120|0
4121|0
4122|0
4123|0
4124|0
4125|0
4126|0
4127|0
4128|0
4129|0
4130|0
4131|0
4132|0
4133|0
4134|0
4135|0
4136|0
4137|0
4138|0
4139|0
4140|0
4141|0
4142|0
4143|0
4144|0
4145|0
4146|0
4147|0
4148|0
4149|0
4150|0
4151|0
4152|0
4153|0
4154|0
4155|0
4156|0
4157|0
4158|0
4159|0
4160|0
4161|0
4162|0
4163|0
4164|0
4165|0
4166|0
4167|0
4168|0
4169|0
4170|0
4171|0
4172|0
4173|0
4174|0
4175|0
4176|0
4177|0
4178|0
4179|0
4180|0
4181|0
4182|0
4183|0
4184|0
4185|0
4186|0
4187|0
4188|0
4189|0
4190|0
4191|0
4192|0
4193|0
4194|0
4195|0
4196|0
4197|0
4198|0
4199|0
4200|0
4201|0
4202|0
4203|0
4204|0
4205|0
4206|0
4207|3
4208|4
4209|304
4210|1
4211|1
4212|1
4213|3
4214|0
4215|0
4216|0
4217|1
4218|4
4219|4
4220|1
4221|1
4222|1
4223|0
4224|1
4225|0
4226|1
4227|667
4228|1
4229|0
4230|4
4231|1
4232|1
4233|1
4234|2
4235|0
4236|0
4237|0
4238|0
4239|1
4240|1
4241|2
4242|1
4243|1
4244|0
4245|1
4246|1
4247|2
4248|0
4249|3
4250|0
4251|2
4252|0
4253|0
4254|2
4255|3
4256|0
4257|2
4258|0
4259|2
4260|1
4261|1
4262|37
4263|0
4264|1
4265|0
4266|0
4267|2
4268|1
4269|1
4270|0
4271|0
4272|0
4273|0
4274|0
4275|0
4276|2
4277|1
4278|0
4279|0
4280|3
4281|1
4282|1
4283|2
4284|0
4285|0
4286|1
4287|2
4288|1
4289|3
4290|3
4291|0
4292|1
4293|5
4294|0
4295|2
4296|1
4297|373
4298|1
4299|0
4300|2
4301|3
4302|2
4303|2
4304|0
4305|0
4306|1
4307|1
4308|128
4309|225
4310|300
4311|314
4312|0
4313|1
4314|1
4315|1
4316|1
4317|1
4318|1
4319|1
4320|1
4321|3
4322|243
4323|0
4324|2
4325|2
4326|0
4327|0
4328|0
4329|0
4330|0
4331|0
4332|2
4333|270
4334|1
4335|1
4336|1
4337|2
4338|0
4339|0
4340|223
4341|1
4342|2
4343|1
4344|2
4345|2
4346|0
4347|2
4348|1
4349|0
4350|1
4351|59
4352|0
4353|1
4354|0
4355|0
4356|0
4357|4
4358|139
4359|3
4360|5
4361|0
4362|0
4363|1
4364|1
4365|1
4366|1
4367|2
4368|0
4369|1
4370|1
4371|114
4372|3
4373|0
4374|12
4375|9
4376|5
4377|5
4378|7
4379|6
4380|3
4381|5
4382|8
4383|4
4384|4
4385|0
4386|4
4387|1
4388|4
4389|4
4390|113
4391|3
4392|1
4393|1
4394|1
4395|1
4396|1
4397|2
4398|3
4399|4
4400|2
4401|0
4402|0
4403|0
4404|131
4405|1
4406|0
4407|1
4408|1
4409|0
4410|1
4411|2
4412|99
4413|2
4414|0
4415|176
4416|3
4417|1
4418|3
4419|1
4420|0
4421|2
4422|0
4423|9
4424|0
4425|0
4426|53
4427|0
4428|320
4429|0
4430|39
4431|0
4432|0
4433|0
4434|0
4435|0
4436|0
4437|0
4438|0
4439|0
4440|0
4441|0
4442|0
4443|0
4444|0
4445|0
4446|0
4447|0
4448|1
4449|0
4450|0
4451|0
4452|0
4453|2
4454|122
4455|3
4456|6
4457|3
4458|0
4459|1
4460|3
4461|0
4462|1
4463|0
4464|0
4465|3
4466|1
4467|4
4468|1
4469|1
4470|0
4471|1
4472|17
4473|1
4474|2
4475|0
4476|38
4477|2
4478|0
4479|2
4480|1
4481|6
4482|5
4483|1
4484|8
4485|1
4486|8
4487|0
4488|234
4489|243
4490|3
4491|1
4492|0
4493|0
4494|1
4495|4
4496|2
4497|1
4498|2
4499|0
4500|1
4501|1
4502|1
4503|0
4504|0
4505|0
4506|1
4507|2
4508|1
4509|3
4510|3
4511|174
4512|751
4513|0
4514|0
4515|3
4516|1
4517|1
4518|3
4519|5
4520|67
4521|1
4522|4
4523|0
4524|2
4525|0
4526|0
4527|0
4528|0
4529|0
4530|0
4531|0
4532|0
4533|0
4534|0
4535|1
4536|0
4537|113
4538|13
4539|4
4540|0
4541|0
4542|0
4543|0
4544|0
4545|0
4546|3
4547|0
4548|1
4549|2
4550|401
4551|3
4552|1
4553|0
4554|1
4555|0
4556|0
4557|3
4558|3
4559|4
4560|1
4561|1
4562|1
4563|0
4564|0
4565|0
4566|1
4567|0
4568|1
4569|2
4570|2
4571|2
4572|4
4573|2
4574|0
4575|1
4576|5
4577|4
4578|6
4579|265
4580|0
4581|2
4582|2
4583|3
4584|0
4585|1
4586|3
4587|1
4588|0
4589|0
4590|0
4591|0
4592|198
4593|2
4594|0
4595|0
4596|0
4597|0
4598|51
4599|0
4600|3
4601|3
4602|3
4603|4
4604|4
4605|1
4606|0
4607|3
4608|2
4609|1
4610|0
4611|1
4612|3
4613|0
4614|2
4615|1
4616|3
4617|9
4618|4
4619|3
4620|3
4621|3
4622|2
4623|0
4624|161
4625|140
4626|0
4627|277
4628|260
4629|519
4630|1
4631|1
4632|1
4633|2
4634|2
4635|2
4636|1
4637|0
4638|8
4639|1
4640|0
4641|1
4642|4
4643|0
4644|2
4645|0
4646|0
4647|0
4648|1
4649|0
4650|0
4651|0
4652|134
4653|1
4654|187
4655|0
4656|0
4657|2
4658|105
4659|0
4660|0
4661|0
4662|0
4663|0
4664|0
4665|0
4666|0
4667|0
4668|1
4669|0
4670|0
4671|0
4672|0
4673|152
4674|129
4675|234
4676|243
4677|0
4678|237
4679|241
4680|238
4681|0
4682|82
4683|0
4684|0
4685|1
4686|0
4687|0
4688|0
4689|0
4690|0
4691|0
4692|0
4693|0
4694|1
4695|177
4696|0
4697|1
4698|0
4699|46
4700|30
4701|0
4702|0
4703|51
4704|0
4705|0
4706|54
4707|1
4708|0
4709|0
4710|0
4711|381
4712|0
4713|1
4714|396
4715|31
4716|0
4717|0
4718|0
4719|7
4720|0
4721|0
4722|0
4723|0
4724|0
4725|0
4726|0
4727|0
4728|0
4729|1
4730|0
4731|1
4732|0
4733|0
4734|0
4735|0
4736|0
4737|0
4738|1
4739|0
4740|0
4741|0
4742|0
4743|0
4744|0
4745|0
4746|0
4747|0
4748|0
4749|0
4750|1
4751|0
4752|0
4753|0
4754|0
4755|0
4756|0
4757|0
4758|0
4759|0
4760|0
4761|0
4762|0
4763|0
4764|1
4765|0
4766|0
4767|0
4768|0
4769|0
4770|0
4771|0
4772|0
4773|0
4774|0
4775|0
4776|0
4777|0
4778|0
4779|0
4780|0
4781|0
4782|0
4783|0
4784|1
4785|0
4786|0
4787|0
4788|0
4789|0
4790|0
4791|0
4792|0
4793|0
4794|0
4795|0
4796|0
4797|0
4798|0
4799|0
4800|0
4801|0
4802|0
4803|0
4804|0
4805|0
4806|0
4807|0
4808|0
4809|0
4810|0
4811|0
4812|0
4813|0
4814|0
4815|0
4816|0
4817|0
4818|0
4819|0
4820|0
4821|0
4822|0
4823|0
4824|0
4825|0
4826|0
4827|0
4828|0
4829|0
4830|0
4831|0
4832|0
4833|0
4834|0
4835|0
4836|0
4837|0
4838|0
4839|0
4840|0
4841|0
4842|0
4843|1
4844|0
4845|0
4846|0
4847|0
4848|0
4849|0
4850|0
4851|0
4852|0
4853|0
4854|0
4855|0
4856|0
4857|0
4858|0
4859|0
4860|0
4861|0
4862|0
4863|0
4864|0
4865|1
4866|0
4867|0
4868|0
4869|0
4870|0
4871|0
4872|0
4873|0
4874|530
4875|1
4876|0
4877|1
4878|4
4879|3
4880|6
4881|384
4882|0
4883|0
4884|5
4885|1
4886|1
4887|338
4888|0
4889|429
4890|0
4891|2
4892|1
4893|417
4894|271
4895|7
4896|415
4897|1
4898|0
4899|0
4900|6
4901|1
4902|1
4903|533
4904|1
4905|1
4906|1
4907|2
4908|0
4909|0
4910|366
4911|1
4912|533
4913|0
4914|1
4915|269
4916|377
4917|182
4918|370
4919|0
4920|4
4921|1
4922|0
4923|0
4924|0
4925|475
4926|635
4927|1
4928|574
4929|11
4930|0
4931|14
4932|1
4933|0
4934|0
4935|3
4936|438
4937|183
4938|5
4939|126
4940|466
4941|1
4942|0
4943|0
4944|1
4945|0
4946|493
4947|0
4948|0
4949|0
4950|0
4951|3
4952|0
4953|0
4954|0
4955|2
4956|160
4957|0
4958|1
4959|0
4960|0
4961|0
4962|13
4963|1
4964|0
4965|2
4966|1
4967|0
4968|0
4969|871
4970|276
4971|1
4972|5
4973|0
4974|1505
4975|2
4976|378
4977|0
4978|1
4979|0
4980|5
4981|0
4982|718
4983|1
4984|727
4985|3
4986|811
4987|1
4988|165
4989|411
4990|424
4991|1
4992|3
4993|4
4994|1
4995|488
4996|1
4997|1
4998|4
4999|1
5000|0
5001|272
5002|3
5003|0
5004|0
5005|1
5006|5
5007|835
5008|0
5009|0
5010|517
5011|762
5012|865
5013|0
5014|292
5015|370
5016|2
5017|229
5018|0
5019|0
5020|0
5021|3
5022|5
5023|411
5024|1
5025|0
5026|334
5027|1
5028|0
5029|7
5030|1
5031|0
5032|0
5033|2
5034|164
5035|682
5036|3
5037|198
5038|0
5039|513
5040|10
5041|10
5042|0
5043|498
5044|3
5045|2
5046|322
5047|0
5048|143
5049|2
5050|2
5051|2
5052|467
5053|496
5054|3
5055|0
5056|4
5057|208
5058|0
5059|0
5060|0
5061|178
5062|2
5063|2
5064|239
5065|571
5066|208
5067|1
5068|344
5069|1
5070|1
5071|211
5072|35
5073|453
5074|1
5075|2
5076|1
5077|2
5078|0
5079|1
5080|2
5081|0
5082|0
5083|3
5084|1
5085|1
5086|3
5087|1
5088|1
5089|4
5090|153
5091|2
5092|1
5093|2
5094|69
5095|0
5096|1
5097|0
5098|48
5099|0
5100|0
5101|0
5102|109
5103|1
5104|2
5105|1
5106|2
5107|2
5108|1
5109|0
5110|0
5111|135
5112|1
5113|0
5114|0
5115|858
5116|400
5117|604
5118|414
5119|510
5120|332
5121|17
5122|362
5123|13
5124|1
5125|7
5126|7
5127|1
5128|513
5129|8
5130|409
5131|370
5132|491
5133|381
5134|1
5135|2
5136|5
5137|3
5138|3
5139|5
5140|173
5141|0
5142|0
5143|0
5144|0
5145|0
5146|0
5147|1
5148|0
5149|0
5150|0
5151|0
5152|0
5153|0
5154|0
5155|499
5156|0
5157|297
5158|0
5159|1
5160|1
5161|0
5162|164
5163|340
5164|0
5165|2
5166|305
5167|0
5168|0
5169|0
5170|0
5171|0
5172|0
5173|0
5174|292
5175|1
5176|0
5177|0
5178|0
5179|0
5180|2
5181|0
5182|4
5183|6
5184|442
5185|525
5186|2
5187|1
5188|0
5189|1
5190|1
5191|0
5192|1
5193|3
5194|3
5195|100
5196|117
5197|3
5198|2
5199|0
5200|1
5201|0
5202|125
5203|3
5204|0
5205|139
5206|237
5207|0
5208|1
5209|0
5210|2
5211|241
5212|1
5213|2
5214|2
5215|160
5216|228
5217|556
5218|1
5219|2
5220|0
5221|207
5222|1
5223|391
5224|0
5225|181
5226|2
5227|2
5228|3
5229|2
5230|4
5231|3
5232|3
5233|5
5234|4
5235|1041
5236|651
5237|1
5238|49
5239|0
5240|4
5241|3
5242|2
5243|237
5244|0
5245|2
5246|2
5247|1
5248|274
5249|1
5250|304
5251|362
5252|0
5253|0
5254|0
5255|1
5256|49
5257|0
5258|261
5259|430
5260|454
5261|8
5262|12
5263|17
5264|345
5265|399
5266|391
5267|1
5268|0
5269|1
5270|3
5271|3
5272|7
5273|479
5274|293
5275|3
5276|3
5277|3
5278|3
5279|634
5280|224
5281|2
5282|1
5283|1
5284|1
5285|0
5286|309
5287|314
5288|1
5289|0
5290|1
5291|1
5292|1
5293|1
5294|8
5295|227
5296|0
5297|391
5298|0
5299|0
5300|1
5301|0
5302|0
5303|0
5304|0
5305|1
5306|1
5307|0
5308|0
5309|307
5310|309
5311|0
5312|0
5313|0
5314|0
5315|0
5316|0
5317|0
5318|329
5319|0
5320|0
5321|0
5322|0
5323|0
5324|0
5325|0
5326|0
5327|0
5328|10
5329|9
5330|459
5331|135
5332|0
5333|0
5334|0
5335|1
5336|0
5337|1
5338|0
5339|0
5340|0
5341|0
5342|0
5343|0
5344|0
5345|1
5346|0
5347|1
5348|0
5349|687
5350|0
5351|156
5352|0
5353|150
5354|1
5355|0
5356|1
5357|0
5358|0
5359|0
5360|0
5361|0
5362|0
5363|0
5364|0
5365|0
5366|1
5367|0
5368|0
5369|0
5370|1
5371|1
5372|0
5373|0
5374|0
5375|0
5376|0
5377|1
5378|0
5379|0
5380|0
5381|0
5382|0
5383|0
5384|0
5385|0
5386|0
5387|0
5388|0
5389|0
5390|1
5391|0
5392|1
5393|0
5394|0
5395|0
5396|0
5397|0
5398|1
5399|1
5400|0
5401|0
5402|1
5403|1
5404|1
5405|1
5406|0
5407|0
5408|1
5409|355
5410|0
5411|2
5412|418
5413|1
5414|0
5415|2
5416|277
5417|1
5418|0
5419|0
5420|317
5421|0
5422|0
5423|0
5424|0
5425|0
5426|2
5427|0
5428|0
5429|0
5430|1
5431|0
5432|0
5433|1
5434|1
5435|1
5436|0
5437|0
5438|360
5439|0
5440|0
5441|0
5442|0
5443|1
5444|0
5445|0
5446|0
5447|0
5448|0
5449|0
5450|0
5451|0
5452|0
5453|0
5454|0
5455|0
5456|0
5457|0
5458|0
5459|0
5460|0
5461|0
5462|0
5463|0
5464|0
5465|0
5466|0
5467|0
5468|0
5469|0
5470|0
5471|0
5472|0
5473|0
5474|0
5475|0
5476|0
5477|0
5478|0
5479|0
5480|0
5481|0
5482|0
5483|0
5484|0
5485|2
5486|0
5487|0
5488|0
5489|0
5490|0
5491|0
5492|0
5493|0
5494|2
5495|1
5496|0
5497|0
5498|0
5499|0
5500|0
5501|0
5502|0
5503|0
5504|0
5505|0
5506|0
5507|0
5508|0
5509|0
5510|0
5511|0
5512|0
5513|0
5514|0
5515|0
5516|0
5517|0
5518|0
5519|0
5520|0
5521|2
5522|0
5523|0
5524|0
5525|0
5526|0
5527|0
5528|0
5529|0
5530|0
5531|0
5532|0
5533|0
5534|0
5535|0
5536|0
5537|0
5538|0
5539|0
5540|0
5541|0
5542|0
5543|0
5544|0
5545|0
5546|0
5547|0
5548|0
5549|0
5550|0
5551|0
5552|0
5553|0
5554|0
5555|0
5556|0
5557|0
5558|0
5559|0
5560|0
5561|0
5562|0
5563|0
5564|0
5565|0
5566|0
5567|0
5568|0
5569|0
5570|0
5571|0
5572|0
5573|0
5574|0
5575|0
5576|0
5577|0
5578|0
5579|0
5580|0
5581|0
5582|0
5583|0
5584|0
5585|0
5586|0
5587|0
5588|0
5589|0
5590|0
5591|0
5592|0
5593|0
5594|0
5595|0
5596|0
5597|0
5598|0
5599|0
5600|0
5601|0
5602|0
5603|0
5604|0
5605|0
5606|0
5607|0
5608|0
5609|0
5610|0
5611|0
5612|0
5613|0
5614|0
5615|0
5616|0
5617|0
5618|0
5619|0
5620|0
5621|0
5622|0
5623|0
5624|0
5625|0
5626|0
5627|0
5628|0
5629|0
5630|0
5631|0
5632|0
5633|0
5634|0
5635|0
5636|0
5637|0
5638|0
5639|0
5640|0
5641|0
5642|0
5643|0
5644|0
5645|0
5646|0
5647|0
5648|0
5649|0
5650|0
5651|0
5652|0
5653|0
5654|0
5655|0
5656|0
5657|0
5658|0
5659|0
5660|0
5661|0
5662|0
5663|0
5664|0
5665|0
5666|0
5667|0
5668|0
5669|0
5670|0
5671|0
5672|0
5673|0
5674|0
5675|0
5676|0
5677|1
5678|0
5679|0
5680|0
5681|0
5682|0
5683|0
5684|0
5685|0
5686|0
5687|0
5688|0
5689|0
5690|0
5691|0
5692|0
5693|0
5694|0
5695|0
5696|0
5697|0
5698|0
5699|0
5700|0
5701|0
5702|0
5703|0
5704|0
5705|0
5706|0
5707|0
5708|0
5709|0
5710|0
5711|0
5712|0
5713|0
5714|0
5715|0
5716|0
5717|0
5718|0
5719|0
5720|0
5721|0
5722|0
5723|0
5724|0
5725|0
5726|0
5727|0
5728|0
5729|0
5730|0
5731|0
5732|0
5733|0
5734|0
5735|0
5736|0
5737|0
5738|0
5739|0
5740|0
5741|0
5742|0
5743|0
5744|0
5745|0
5746|0
5747|0
5748|0
5749|0
5750|0
5751|0
5752|0
5753|0
5754|0
5755|0
5756|0
5757|0
5758|0
5759|0
5760|0
5761|0
5762|0
5763|0
5764|0
5765|0
5766|0
5767|0
5768|0
5769|0
5770|1
5771|1
5772|0
5773|0
5774|0
5775|0
5776|0
5777|0
5778|0
5779|1
5780|0
5781|1
5782|0
5783|1
5784|0
5785|1
5786|0
5787|1
5788|0
5789|0
5790|0
5791|0
5792|0
5793|1
5794|0
5795|0
5796|0
5797|1
5798|1
5799|0
5800|297
5801|0
5802|0
5803|0
5804|0
5805|0
5806|0
5807|0
5808|0
5809|0
5810|0
5811|0
5812|0
5813|0
5814|0
5815|0
5816|0
5817|0
5818|0
5819|0
5820|0
5821|0
5822|0
5823|0
5824|0
5825|0
5826|0
5827|0
5828|0
5829|0
5830|0
5831|0
5832|0
5833|2
5834|1
5835|1
5836|0
5837|0
5838|0
5839|1
5840|1
5841|2
5842|1
5843|1
5844|1
5845|1
5846|2
5847|1
5848|1
5849|1
5850|0
5851|0
5852|1
5853|3
5854|179
5855|2
5856|2
5857|0
5858|0
5859|0
5860|0
5861|0
5862|0
5863|0
5864|0
5865|0
5866|0
5867|0
5868|0
5869|0
5870|0
5871|0
5872|0
5873|0
5874|0
5875|0
5876|0
5877|0
5878|0
5879|0
5880|0
5881|0
5882|0
5883|0
5884|0
5885|0
5886|0
5887|0
5888|0
5889|0
5890|1
5891|1
5892|1
5893|0
5894|0
5895|0
5896|0
5897|0
5898|1
5899|0
5900|1
5901|0
5902|0
5903|0
5904|0
5905|1
5906|0
5907|0
5908|1
5909|1
5910|0
5911|1
5912|0
5913|0
5914|0
5915|1
5916|1
5917|1
5918|1
5919|1
5920|1
5921|1
5922|1
5923|1
5924|1
5925|1
5926|1
5927|1
5928|1
5929|2
5930|1
5931|1
5932|350
5933|0
5934|2
5935|2
5936|2
5937|1
5938|1
5939|1
5940|201
5941|1
5942|1
5943|1
5944|338
5945|0
5946|1
5947|1
5948|1
5949|1
5950|1
5951|0
5952|1
5953|1
5954|1
5955|0
5956|0
5957|1
5958|1
5959|0
5960|3
5961|1
5962|3
5963|0
5964|1
5965|0
5966|1
5967|1
5968|0
5969|1
5970|1
5971|0
5972|1
5973|2
5974|1
5975|0
5976|0
5977|1
5978|1
5979|1
5980|1
5981|1
5982|1
5983|1
5984|1
5985|0
5986|2
5987|0
5988|1
5989|1
5990|1
5991|1
5992|1
5993|3
5994|2
5995|4
5996|4
5997|2
5998|3
5999|2
6000|2
6001|2
6002|4
6003|2
6004|2
6005|4
6006|2
6007|2
6008|4
6009|2
6010|2
6011|2
6012|2
6013|2
6014|2
6015|2
6016|2
6017|1
6018|2
6019|2
6020|1
6021|2
6022|2
6023|418
6024|478
6025|368
6026|334
6027|319
6028|346
6029|335
6030|308
6031|331
6032|338
6033|300
6034|326
6035|391
6036|331
6037|343
6038|344
6039|319
6040|313
6041|336
6042|443
6043|336
6044|315
6045|421
6046|389
6047|342
6048|332
6049|350
6050|337
6051|363
6052|2
6053|1
6054|3
6055|2
6056|2
6057|2
6058|2
6059|2
6060|2
6061|3
6062|2
6063|2
6064|2
6065|2
6066|2
6067|3
6068|2
6069|2
6070|2
6071|2
6072|2
6073|2
6074|2
6075|1
6076|1
6077|2
6078|3
6079|3
6080|2
6081|1
6082|2
6083|2
6084|2
6085|2
6086|2
6087|1
6088|2
6089|2
6090|1
6091|2
6092|2
6093|1
6094|2
6095|1
6096|1
6097|2
6098|2
6099|2
6100|2
6101|2
6102|2
6103|2
6104|2
6105|1
6106|2
6107|2
6108|2
6109|409
6110|348
6111|0
6112|0
6113|0
6114|0
6115|463
6116|420
6117|323
6118|354
6119|339
6120|390
6121|340
6122|299
6123|484
6124|321
6125|409
6126|336
6127|0
6128|339
6129|334
6130|384
6131|347
6132|305
6133|391
6134|0
6135|0
6136|0
6137|0
6138|0
6139|0
6140|0
6141|0
6142|0
6143|0
6144|0
6145|0
6146|0
6147|0
6148|0
6149|0
6150|2
6151|2
6152|2
6153|2
6154|2
6155|2
6156|2
6157|2
6158|2
6159|2
6160|2
6161|2
6162|2
6163|2
6164|2
6165|2
6166|2
6167|2
6168|2
6169|2
6170|2
6171|2
6172|2
6173|0
6174|0
6175|0
6176|0
6177|0
6178|0
6179|0
6180|0
6181|0
6182|0
6183|0
6184|0
6185|0
6186|0
6187|0
6188|0
6189|0
6190|0
6191|0
6192|0
6193|0
6194|0
6195|0
6196|0
6197|0
6198|0
6199|0
6200|0
6201|0
6202|0
6203|0
6204|0
6205|0
6206|0
6207|0
6208|0
6209|0
6210|0
6211|0
6212|0
6213|0
6214|0
6215|0
6216|0
6217|0
6218|0
6219|0
6220|0
6221|0
6222|0
6223|0
6224|0
6225|0
6226|0
6227|0
6228|0
6229|0
6230|0
6231|0
6232|0
6233|0
6234|0
6235|0
6236|0
6237|0
6238|0
6239|0
6240|2
6241|2
6242|2
6243|1
6244|2
6245|1
6246|0
6247|0
6248|430
6249|367
6250|510
6251|0
6252|348
6253|366
6254|370
6255|359
6256|390
6257|349
6258|353
6259|366
6260|340
6261|367
6262|338
6263|338
6264|360
6265|0
6266|0
6267|0
6268|0
6269|0
6270|0
6271|0
6272|0
6273|0
6274|0
6275|0
6276|0
6277|0
6278|0
6279|0
6280|0
6281|0
6282|0
6283|0
6284|0
6285|0
6286|0
6287|0
6288|0
6289|0
6290|0
6291|0
6292|0
6293|370
6294|332
6295|463
6296|312
6297|313
6298|311
6299|319
6300|0
6301|0
6302|0
6303|0
6304|0
6305|0
6306|0
6307|0
6308|0
6309|0
6310|0
6311|0
6312|0
6313|0
6314|0
6315|0
6316|0
6317|0
6318|0
6319|0
6320|0
6321|0
6322|0
6323|0
6324|0
6325|0
6326|0
6327|0
6328|0
6329|0
6330|0
6331|0
6332|0
6333|0
6334|0
6335|0
6336|0
6337|0
6338|0
6339|0
6340|0
6341|0
6342|0
6343|0
6344|0
6345|0
6346|0
6347|0
6348|0
6349|0
6350|0
6351|0
6352|0
6353|0
6354|0
6355|0
6356|0
6357|0
6358|0
6359|0
6360|0
6361|0
6362|0
6363|0
6364|0
6365|0
6366|0
6367|0
6368|0
6369|0
6370|0
6371|0
6372|0
6373|0
6374|0
6375|0
6376|0
6377|0
6378|0
6379|0
6380|0
6381|0
6382|0
6383|0
6384|0
6385|0
6386|0
6387|0
6388|0
6389|0
6390|0
6391|0
6392|0
6393|0
6394|0
6395|0
6396|0
6397|0
6398|0
6399|0
6400|0
6401|0
6402|0
6403|0
6404|0
6405|0
6406|0
6407|0
6408|0
6409|0
6410|0
6411|0
6412|0
6413|0
6414|0
6415|0
6416|0
6417|0
6418|0
6419|0
6420|0
6421|0
6422|0
6423|0
6424|0
6425|0
6426|0
6427|0
6428|0
6429|0
6430|0
6431|0
6432|0
6433|0
6434|0
6435|0
6436|0
6437|0
6438|0
6439|0
6440|0
6441|0
6442|0
6443|0
6444|0
6445|0
6446|0
6447|0
6448|0
6449|0
6450|0
6451|0
6452|0
6453|0
6454|0
6455|0
6456|0
6457|0
6458|0
6459|0
6460|0
6461|0
6462|0
6463|0
6464|0
6465|0
6466|0
6467|0
6468|0
6469|0
6470|0
6471|0
6472|0
6473|0
6474|0
6475|0
6476|0
6477|0
6478|0
6479|0
6480|0
6481|0
6482|0
6483|0
6484|0
6485|0
6486|0
6487|0
6488|0
6489|0
6490|0
6491|0
6492|0
6493|2
6494|1
6495|0
6496|0
6497|1
6498|0
6499|1
6500|0
6501|0
6502|1
6503|1
6504|279
6505|0
6506|293
6507|0
6508|0
6509|0
6510|0
6511|0
6512|0
6513|0
6514|0
6515|0
6516|0
6517|0
6518|0
6519|0
6520|0
6521|0
6522|0
6523|0
6524|0
6525|3
6526|4
6527|3
6528|0
6529|0
6530|1
6531|0
6532|233
6533|8
6534|2
6535|7
6536|3
6537|7
6538|6
6539|3
6540|198
6541|1
6542|0
6543|1
6544|203
6545|4
6546|0
6547|1
6548|1
6549|1
6550|3
6551|0
6552|4
6553|0
6554|4
6555|1
6556|5
6557|0
6558|5
6559|4
6560|0
6561|3
6562|2
6563|1
6564|3
6565|1
6566|1
6567|2
6568|0
6569|0
6570|0
6571|0
6572|0
6573|0
6574|0
6575|0
6576|0
6577|0
6578|0
6579|0
6580|0
6581|0
6582|1
6583|0
6584|0
6585|0
6586|0
6587|0
6588|6
6589|0
6590|0
6591|0
6592|0
6593|0
6594|1
6595|0
6596|0
6597|0
6598|0
6599|0
6600|0
6601|0
6602|0
6603|0
6604|0
6605|0
6606|210
6607|210
6608|274
6609|286
6610|235
6611|0
6612|0
6613|0
6614|2
6615|4
6616|0
6617|0
6618|0
6619|0
6620|1
6621|0
6622|1
6623|1
6624|3
6625|225
6626|165
6627|1
6628|5
6629|4
6630|276
6631|0
6632|0
6633|0
6634|0
6635|1
6636|1
6637|0
6638|0
6639|0
6640|0
6641|0
6642|0
6643|1
6644|2
6645|1
6646|2
6647|0
6648|0
6649|3
6650|0
6651|1
6652|0
6653|0
6654|1
6655|0
6656|0
6657|0
6658|0
6659|0
6660|0
6661|0
6662|0
6663|0
6664|0
6665|0
6666|0
6667|0
6668|0
6669|0
6670|0
6671|0
6672|235
6673|215
6674|1
6675|0
6676|0
6677|0
6678|0
6679|0
6680|0
6681|0
6682|0
6683|0
6684|0
6685|0
6686|0
6687|0
6688|0
6689|0
6690|0
6691|0
6692|0
6693|0
6694|0
6695|0
6696|0
6697|0
6698|0
6699|1
6700|1
6701|1
6702|1
6703|0
6704|0
6705|0
6706|0
6707|0
6708|0
6709|0
6710|0
6711|0
6712|0
6713|1
6714|1
6715|0
6716|0
6717|4
6718|3
6719|3
6720|1
6721|0
6722|0
6723|0
6724|0
6725|0
6726|2
6727|1
6728|0
6729|0
6730|0
6731|0
6732|0
6733|3
6734|1
6735|443
6736|0
6737|166
6738|0
6739|1
6740|80
6741|0
6742|0
6743|0
6744|0
6745|0
6746|0
6747|0
6748|0
6749|1
6750|0
6751|0
6752|0
6753|0
6754|0
6755|0
6756|1
6757|1
6758|530
6759|2
6760|2
6761|0
6762|1
6763|0
6764|0
6765|0
6766|0
6767|1
6768|3
6769|0
6770|0
6771|2
6772|1
6773|3
6774|2
6775|2
6776|0
6777|0
6778|0
6779|0
6780|3
6781|0
6782|0
6783|0
6784|2
6785|2
6786|0
6787|0
6788|194
6789|0
6790|1
6791|3
6792|0
6793|1
6794|0
6795|0
6796|1
6797|0
6798|284
6799|5
6800|0
6801|1
6802|1
6803|1
6804|1
6805|0
6806|0
6807|1
6808|1
6809|1
6810|243
6811|210
6812|166
6813|178
6814|2
6815|2
6816|2
6817|2
6818|2
6819|2
6820|1
6821|1
6822|1
6823|1
6824|0
6825|0
6826|0
6827|0
6828|1
6829|2
6830|2
6831|3
6832|0
6833|1
6834|0
6835|0
6836|2
6837|1
6838|2
6839|2
6840|0
6841|0
6842|0
6843|0
6844|0
6845|1
6846|170
6847|0
6848|0
6849|3
6850|3
6851|0
6852|0
6853|0
6854|0
6855|0
6856|0
6857|0
6858|1
6859|0
6860|0
6861|0
6862|0
6863|0
6864|0
6865|0
6866|0
6867|0
6868|0
6869|1
6870|1
6871|0
6872|0
6873|223
6874|1
6875|0
6876|1
6877|0
6878|0
6879|0
6880|1
6881|0
6882|292
6883|0
6884|0
6885|0
6886|0
6887|0
6888|0
6889|0
6890|1
6891|1
6892|0
6893|0
6894|0
6895|0
6896|0
6897|0
6898|0
6899|0
6900|0
6901|0
6902|0
6903|0
6904|0
6905|0
6906|0
6907|0
6908|0
6909|2
6910|0
6911|0
6912|0
6913|2
6914|2
6915|0
6916|0
6917|0
6918|0
6919|0
6920|171
6921|110
6922|2
6923|0
6924|0
6925|0
6926|0
6927|0
6928|0
6929|0
6930|0
6931|0
6932|0
6933|0
6934|0
6935|0
6936|0
6937|0
6938|0
6939|4
6940|3
6941|7
6942|0
6943|0
6944|1
6945|3
6946|1
6947|2
6948|1
6949|1
6950|2
6951|1
6952|1
6953|1
6954|0
6955|1
6956|1
6957|2
6958|2
6959|1
6960|1
6961|0
6962|0
6963|0
6964|0
6965|5
6966|1
6967|6
6968|4
6969|1
6970|1
6971|6
6972|5
6973|4
6974|4
6975|0
6976|2
6977|1
6978|1
6979|120
6980|2
6981|0
6982|0
6983|0
6984|2
6985|2
6986|0
6987|0
6988|0
6989|0
6990|0
6991|1
6992|1
6993|1
6994|1
6995|206
6996|99
6997|1
6998|3
6999|2
7000|3
7001|0
7002|0
7003|0
7004|159
7005|245
7006|0
7007|0
7008|0
7009|193
7010|0
7011|0
7012|0
7013|250
7014|8
7015|4
7016|2
7017|3
7018|3
7019|4
7020|3
7021|5
7022|3
7023|5
7024|2
7025|2
7026|3
7027|2
7028|0
7029|0
7030|0
7031|4
7032|3
7033|0
7034|247
7035|181
7036|2
7037|269
7038|2
7039|1
7040|0
7041|0
7042|1
7043|2
7044|0
7045|1
7046|135
7047|1
7048|0
7049|5
7050|3
7051|3
7052|0
7053|0
7054|0
7055|1
7056|0
7057|162
7058|187
7059|146
7060|2
7061|2
7062|0
7063|2
7064|0
7065|0
7066|0
7067|204
7068|221
7069|12
7070|9
7071|0
7072|237
7073|0
7074|208
7075|237
7076|192
7077|0
7078|1
7079|1
7080|1
7081|0
7082|0
7083|2
7084|0
7085|0
7086|0
7087|0
7088|0
7089|0
7090|0
7091|0
7092|0
7093|0
7094|0
7095|0
7096|0
7097|0
7098|178
7099|0
7100|0
7101|0
7102|0
7103|0
7104|0
7105|4
7106|3
7107|3
7108|0
7109|0
7110|0
7111|0
7112|328
7113|252
7114|0
7115|0
7116|0
7117|1
7118|0
7119|0
7120|0
7121|0
7122|0
7123|0
7124|0
7125|0
7126|0
7127|0
7128|0
7129|0
7130|0
7131|0
7132|0
7133|0
7134|0
7135|0
7136|0
7137|0
7138|0
7139|0
7140|0
7141|0
7142|2
7143|4
7144|2
7145|2
7146|160
7147|212
7148|0
7149|0
7150|276
7151|233
7152|225
7153|0
7154|214
7155|228
7156|300
7157|200
7158|215
7159|229
7160|0
7161|0
7162|0
7163|0
7164|0
7165|0
7166|0
7167|0
7168|257
7169|70
7170|64
7171|124
7172|0
7173|110
7174|105
7175|0
7176|0
7177|0
7178|1
7179|0
7180|187
7181|178
7182|2
7183|149
7184|2
7185|2
7186|3
7187|180
7188|0
7189|156
7190|169
7191|188
7192|141
7193|0
7194|0
7195|0
7196|0
7197|0
7198|0
7199|0
7200|0
7201|0
7202|0
7203|0
7204|0
7205|0
7206|0
7207|0
7208|0
7209|6
7210|2
7211|11
7212|6
7213|8
7214|12
7215|0
7216|220
7217|184
7218|93
7219|0
7220|161
7221|165
7222|165
7223|2
7224|2
7225|1
7226|1
7227|1
7228|2
7229|2
7230|1
7231|2
7232|2
7233|1
7234|1
7235|1
7236|2
7237|1
7238|1
7239|0
7240|1
7241|0
7242|1
7243|1
7244|2
7245|1
7246|1
7247|1
7248|1
7249|128
7250|1
7251|3
7252|3
7253|243
7254|1
7255|210
7256|207
7257|213
7258|208
7259|210
7260|0
7261|0
7262|0
7263|198
7264|0
7265|0
7266|0
7267|0
7268|2
7269|212
7270|181
7271|185
7272|0
7273|0
7274|0
7275|1
7276|0
7277|0
7278|0
7279|180
7280|168
7281|180
7282|237
7283|324
7284|241
7285|234
7286|0
7287|0
7288|0
7289|0
7290|0
7291|0
7292|177
7293|194
7294|167
7295|194
7296|0
7297|0
7298|218
7299|0
7300|0
7301|1
7302|245
7303|0
7304|0
7305|0
7306|0
7307|0
7308|218
7309|211
7310|218
7311|222
7312|291
7313|215
7314|236
7315|0
7316|3
7317|4
7318|4
7319|3
7320|0
7321|1
7322|1
7323|0
7324|1
7325|1
7326|1
7327|0
7328|0
7329|0
7330|0
7331|0
7332|0
7333|0
7334|0
7335|0
7336|0
7337|0
7338|0
7339|0
7340|0
7341|0
7342|0
7343|0
7344|0
7345|0
7346|0
7347|0
7348|0
7349|0
7350|0
7351|0
7352|0
7353|0
7354|0
7355|0
7356|0
7357|0
7358|0
7359|0
7360|0
7361|0
7362|0
7363|0
7364|0
7365|0
7366|0
7367|0
7368|0
7369|0
7370|0
7371|0
7372|0
7373|0
7374|0
7375|0
7376|0
7377|0
7378|0
7379|1
7380|0
7381|0
7382|0
7383|0
7384|0
7385|0
7386|0
7387|0
7388|0
7389|0
7390|0
7391|0
7392|0
7393|0
7394|0
7395|0
7396|0
7397|0
7398|0
7399|1
7400|0
7401|1
7402|0
7403|0
7404|0
7405|0
7406|0
7407|0
7408|0
7409|0
7410|0
7411|0
7412|0
7413|0
7414|0
7415|0
7416|0
7417|1
7418|0
7419|0
7420|0
7421|0
7422|0
7423|0
7424|0
7425|0
7426|0
7427|0
7428|0
7429|0
7430|0
7431|0
7432|0
7433|0
7434|0
7435|0
7436|0
7437|0
7438|0
7439|0
7440|0
7441|0
7442|0
7443|0
7444|0
7445|0
7446|0
7447|0
7448|0
7449|0
7450|0
7451|0
7452|0
7453|0
7454|0
7455|0
7456|0
7457|0
7458|0
7459|0
7460|0
7461|0
7462|0
7463|0
7464|0
7465|0
7466|1
7467|0
7468|0
7469|0
7470|0
7471|0
7472|0
7473|0
7474|0
7475|0
7476|0
7477|0
7478|0
7479|0
7480|0
7481|1
7482|0
7483|0
7484|0
7485|0
7486|0
7487|1
7488|0
7489|0
7490|0
7491|0
7492|0
7493|0
7494|0
7495|0
7496|0
7497|0
7498|0
7499|0
7500|0
7501|0
7502|0
7503|0
7504|0
7505|0
7506|0
7507|0
7508|0
7509|0
7510|0
7511|0
7512|0
7513|0
7514|0
7515|0
7516|0
7517|0
7518|0
7519|0
7520|0
7521|0
7522|1
7523|1
7524|1
7525|1
7526|0
7527|0
7528|0
7529|0
7530|0
7531|0
7532|0
7533|0
7534|0
7535|0
7536|1
7537|0
7538|0
7539|0
7540|0
7541|1
7542|0
7543|0
7544|0
7545|0
7546|0
7547|0
7548|0
7549|0
7550|0
7551|0
7552|0
7553|0
7554|0
7555|0
7556|0
7557|0
7558|1
7559|0
7560|0
7561|0
7562|0
7563|0
7564|0
7565|0
7566|0
7567|0
7568|0
7569|0
7570|0
7571|0
7572|0
7573|0
7574|0
7575|0
7576|0
7577|1
7578|0
7579|0
7580|0
7581|0
7582|0
7583|0
7584|18
7585|0
7586|0
7587|0
7588|0
7589|0
7590|0
7591|0
7592|0
7593|0
7594|0
7595|10
7596|0
7597|24
7598|0
7599|0
7600|0
7601|0
7602|8
7603|0
7604|36
7605|0
7606|0
7607|0
7608|0
7609|7
7610|20
7611|0
7612|0
7613|0
7614|0
7615|0
7616|0
7617|0
7618|0
7619|0
7620|0
7621|0
7622|5
7623|0
7624|0
7625|12
7626|0
7627|0
7628|1
7629|0
7630|0
7631|0
7632|0
7633|24
7634|0
7635|0
7636|0
7637|0
7638|0
7639|31
7640|6
7641|0
7642|0
7643|1
7644|23
7645|0
7646|21
7647|1
7648|0
7649|45
7650|15
7651|12
7652|0
7653|21
7654|23
7655|0
7656|0
7657|0
7658|8
7659|20
7660|27
7661|13
7662|15
7663|0
7664|0
7665|10
7666|15
7667|0
7668|0
7669|0
7670|11
7671|0
7672|0
7673|0
7674|0
7675|0
7676|0
7677|0
7678|0
7679|0
7680|17
7681|6
7682|0
7683|0
7684|0
7685|1
7686|1
7687|0
7688|0
7689|0
7690|1
7691|1
7692|20
7693|0
7694|20
7695|10
7696|7
7697|0
7698|0
7699|31
7700|24
7701|0
7702|0
7703|19
7704|0
7705|23
7706|21
7707|24
7708|0
7709|20
7710|94
7711|76
7712|38
7713|23
7714|8
7715|33
7716|21
7717|0
7718|0
7719|0
7720|0
7721|0
7722|0
7723|0
7724|0
7725|0
7726|0
7727|0
7728|0
7729|0
7730|0
7731|0
7732|0
7733|0
7734|0
7735|0
7736|0
7737|0
7738|0
7739|0
7740|0
7741|0
7742|0
7743|0
7744|0
7745|0
7746|0
7747|0
7748|0
7749|0
7750|0
7751|0
7752|0
7753|0
7754|374
7755|6
7756|402
7757|1
7758|240
7759|1
7760|372
7761|3
7762|0
7763|1
7764|583
7765|8
7766|3
7767|411
7768|3
7769|0
7770|1
7771|370
7772|390
7773|378
7774|272
7775|1
7776|369
7777|370
7778|248
7779|436
7780|4
7781|1
7782|1
7783|436
7784|0
7785|0
7786|0
7787|4
7788|5
7789|14
7790|0
7791|1
7792|10
7793|2
7794|374
7795|1
7796|521
7797|1
7798|61
7799|0
7800|2
7801|1
7802|4
7803|0
7804|3
7805|0
7806|0
7807|0
7808|1
7809|1
7810|0
7811|1
7812|1
7813|5
7814|4
7815|3
7816|231
7817|6
7818|3
7819|1
7820|200
7821|0
7822|0
7823|6
7824|4
7825|2
7826|1
7827|498
7828|1
7829|0
7830|1
7831|5
7832|1
7833|1
7834|4
7835|246
7836|357
7837|2
7838|2
7839|2
7840|28
7841|3
7842|1
7843|253
7844|426
7845|2
7846|2
7847|1
7848|151
7849|5
7850|3
7851|7
7852|7
7853|8
7854|3
7855|4
7856|2
7857|3
7858|6
7859|3
7860|4
7861|4
7862|394
7863|0
7864|1
7865|1
7866|0
7867|1
7868|0
7869|9
7870|1
7871|0
7872|1
7873|4
7874|1
7875|0
7876|4
7877|4
7878|1
7879|3
7880|0
7881|2
7882|1
7883|2
7884|1
7885|1
7886|1
7887|3
7888|1
7889|0
7890|2
7891|2
7892|0
7893|1
7894|3
7895|1
7896|4
7897|2
7898|3
7899|3
7900|1
7901|1
7902|1
7903|1
7904|0
7905|1
7906|2
7907|0
7908|361
7909|1
7910|342
7911|0
7912|0
7913|0
7914|2
7915|4
7916|2
7917|2
7918|2
7919|0
7920|3
7921|277
7922|0
7923|401
7924|2
7925|1
7926|0
7927|0
7928|1
7929|1
7930|464
7931|1
7932|0
7933|1
7934|0
7935|1
7936|0
7937|277
7938|5
7939|1
7940|0
7941|0
7942|590
7943|237
7944|593
7945|243
7946|389
7947|3
7948|1
7949|1
7950|2
7951|27
7952|213
7953|0
7954|0
7955|9
7956|8
7957|1
7958|0
7959|237
7960|6
7961|3
7962|0
7963|203
7964|201
7965|1
7966|0
7967|0
7968|1
7969|3
7970|4
7971|0
7972|1
7973|4
7974|4
7975|1
7976|148
7977|0
7978|0
7979|2
7980|3
7981|1
7982|0
7983|2
7984|0
7985|221
7986|175
7987|0
7988|425
7989|429
7990|6
7991|2
7992|1
7993|1
7994|1
7995|0
7996|0
7997|3
7998|0
7999|1
8000|190
8001|2
8002|3
8003|2
8004|1
8005|2
8006|366
8007|0
8008|224
8009|2
8010|0
8011|1
8012|1
8013|0
8014|1
8015|1
8016|2
8017|0
8018|0
8019|1
8020|143
8021|0
8022|1
8023|0
8024|4
8025|2
8026|1
8027|0
8028|0
8029|0
8030|0
8031|0
8032|0
8033|8
8034|2
8035|1
8036|7
8037|1
8038|5
8039|7
8040|5
8041|1
8042|1
8043|3
8044|2
8045|2
8046|0
8047|0
8048|1
8049|369
8050|0
8051|3
8052|0
8053|5
8054|1
8055|1
8056|4
8057|3
8058|1
8059|4
8060|2
8061|3
8062|4
8063|2
8064|11
8065|5
8066|13
8067|336
8068|2
8069|378
8070|384
8071|378
8072|325
8073|1
8074|275
8075|1
8076|2
8077|4
8078|341
8079|3
8080|208
8081|3
8082|5
8083|2
8084|179
8085|240
8086|1
8087|1
8088|1
8089|0
8090|1
8091|1
8092|0
8093|0
8094|0
8095|0
8096|1
8097|2
8098|2
8099|4
8100|0
8101|1
8102|0
8103|0
8104|165
8105|0
8106|341
8107|3
8108|0
8109|1
8110|0
8111|1
8112|2
8113|5
8114|1
8115|4
8116|4
8117|5
8118|185
8119|0
8120|1
8121|1
8122|5
8123|8
8124|0
8125|1
8126|1
8127|4
8128|3
8129|1
8130|1
8131|268
8132|3
8133|1
8134|1
8135|4
8136|4
8137|2
8138|1
8139|0
8140|1
8141|210
8142|2
8143|5
8144|2
8145|4
8146|273
8147|1
8148|0
8149|5
8150|0
8151|0
8152|2
8153|0
8154|2
8155|1
8156|0
8157|0
8158|2
8159|0
8160|0
8161|0
8162|0
8163|0
8164|0
8165|0
8166|0
8167|0
8168|353
8169|1
8170|1
8171|1
8172|1
8173|1
8174|3
8175|1
8176|1
8177|1
8178|1
8179|309
8180|0
8181|3
8182|486
8183|3
8184|0
8185|1
8186|0
8187|0
8188|3
8189|0
8190|292
8191|1
8192|407
8193|179
8194|324
8195|256
8196|1
8197|0
8198|1
8199|7
8200|1
8201|8
8202|3
8203|372
8204|269
8205|231
8206|0
8207|0
8208|1
8209|0
8210|1
8211|3
8212|283
8213|329
8214|296
8215|317
8216|0
8217|0
8218|1
8219|2
8220|0
8221|1
8222|418
8223|4
8224|1
8225|1
8226|0
8227|0
8228|0
8229|0
8230|0
8231|1
8232|0
8233|1
8234|3
8235|1
8236|0
8237|3
8238|0
8239|1
8240|171
8241|0
8242|0
8243|1
8244|2
8245|3
8246|1
8247|295
8248|0
8249|0
8250|179
8251|0
8252|3
8253|5
8254|9
8255|3
8256|3
8257|3
8258|0
8259|0
8260|1
8261|1
8262|1
8263|1
8264|2
8265|1
8266|288
8267|0
8268|1
8269|0
8270|0
8271|0
8272|3
8273|1
8274|1
8275|1
8276|391
8277|2
8278|1
8279|3
8280|2
8281|2
8282|1
8283|0
8284|1
8285|0
8286|0
8287|1
8288|3
8289|3
8290|4
8291|3
8292|525
8293|4
8294|0
8295|405
8296|344
8297|3
8298|2
8299|2
8300|2
8301|1
8302|2
8303|0
8304|0
8305|1
8306|1
8307|4
8308|0
8309|0
8310|0
8311|0
8312|0
8313|0
8314|0
8315|0
8316|0
8317|0
8318|0
8319|0
8320|0
8321|3
8322|2
8323|2
8324|0
8325|4
8326|136
8327|3
8328|3
8329|1
8330|0
8331|2
8332|1
8333|1
8334|53
8335|1
8336|4
8337|0
8338|0
8339|0
8340|0
8341|274
8342|2
8343|0
8344|0
8345|0
8346|75
8347|3
8348|1
8349|3
8350|2
8351|2
8352|0
8353|0
8354|1
8355|1
8356|4
8357|1
8358|1
8359|1
8360|1
8361|3
8362|3
8363|3
8364|3
8365|0
8366|0
8367|0
8368|0
8369|5
8370|249
8371|9
8372|253
8373|1
8374|9
8375|2
8376|2
8377|2
8378|1
8379|2
8380|2
8381|2
8382|2
8383|2
8384|252
8385|314
8386|262
8387|275
8388|296
8389|1
8390|2
8391|1
8392|1
8393|2
8394|1
8395|2
8396|2
8397|1
8398|1
8399|218
8400|285
8401|2
8402|396
8403|2
8404|3
8405|0
8406|0
8407|0
8408|0
8409|0
8410|0
8411|0
8412|0
8413|0
8414|0
8415|0
8416|0
8417|244
8418|0
8419|153
8420|1
8421|0
8422|0
8423|3
8424|47
8425|73
8426|1
8427|57
8428|45
8429|59
8430|2
8431|2
8432|194
8433|418
8434|73
8435|9
8436|1
8437|1
8438|266
8439|1
8440|1
8441|1
8442|1
8443|0
8444|1
8445|0
8446|1
8447|0
8448|2
8449|4
8450|0
8451|3
8452|0
8453|2
8454|0
8455|5
8456|372
8457|2
8458|0
8459|0
8460|106
8461|0
8462|6
8463|180
8464|254
8465|334
8466|269
8467|124
8468|90
8469|118
8470|187
8471|163
8472|0
8473|2
8474|2
8475|306
8476|2
8477|2
8478|1
8479|1
8480|3
8481|3
8482|4
8483|69
8484|85
8485|113
8486|389
8487|3
8488|2
8489|2
8490|3
8491|2
8492|351
8493|7
8494|438
8495|451
8496|3
8497|3
8498|169
8499|163
8500|1
8501|1
8502|1
8503|121
8504|110
8505|82
8506|54
8507|1
8508|1
8509|1
8510|1
8511|1
8512|1
8513|1
8514|1
8515|1
8516|1
8517|1
8518|1
8519|1
8520|1
8521|0
8522|0
8523|257
8524|4
8525|1
8526|1
8527|1
8528|1
8529|1
8530|4
8531|3
8532|2
8533|0
8534|2
8535|2
8536|1
8537|2
8538|3
8539|2
8540|2
8541|2
8542|0
8543|2
8544|2
8545|2
8546|1
8547|6
8548|6
8549|4
8550|0
8551|2
8552|4
8553|342
8554|214
8555|2
8556|172
8557|1
8558|2
8559|3
8560|2
8561|294
8562|3
8563|1
8564|1
8565|294
8566|3
8567|283
8568|2
8569|245
8570|4
8571|3
8572|5
8573|0
8574|0
8575|0
8576|0
8577|0
8578|0
8579|0
8580|2
8581|3
8582|2
8583|1
8584|1
8585|108
8586|2
8587|1
8588|1
8589|1
8590|1
8591|0
8592|2
8593|1
8594|108
8595|0
8596|0
8597|0
8598|0
8599|0
8600|0
8601|0
8602|0
8603|0
8604|0
8605|0
8606|0
8607|0
8608|0
8609|2
8610|0
8611|0
8612|0
8613|0
8614|0
8615|0
8616|0
8617|0
8618|0
8619|0
8620|0
8621|0
8622|0
8623|0
8624|0
8625|0
8626|217
8627|244
8628|255
8629|153
8630|238
8631|240
8632|0
8633|0
8634|0
8635|0
8636|0
8637|0
8638|0
8639|1
8640|0
8641|0
8642|0
8643|1
8644|0
8645|0
8646|0
8647|0
8648|0
8649|1
8650|0
8651|0
8652|0
8653|0
8654|0
8655|0
8656|0
8657|0
8658|0
8659|0
8660|0
8661|0
8662|0
8663|0
8664|0
8665|0
8666|0
8667|0
8668|0
8669|0
8670|1
8671|0
8672|0
8673|1
8674|1
8675|1
8676|0
8677|0
8678|0
8679|0
8680|0
8681|0
8682|0
8683|0
8684|1
8685|1
8686|0
8687|0
8688|0
8689|0
8690|1
8691|1
8692|0
8693|0
8694|0
8695|0
8696|0
8697|0
8698|0
8699|0
8700|0
8701|0
8702|0
8703|0
8704|0
8705|0
8706|0
8707|0
8708|0
8709|0
8710|0
8711|11
8712|0
8713|0
8714|30
8715|0
8716|0
8717|1
8718|1
8719|0
8720|0
8721|1
8722|0
8723|0
8724|0
8725|0
8726|0
8727|1
8728|0
8729|0
8730|2
8731|1
8732|61
8733|1
8734|1
8735|1
8736|1
8737|1
8738|3
8739|0
8740|34
8741|1
8742|3
8743|1
8744|1
8745|0
8746|2
8747|39
8748|2
8749|8
8750|1
8751|1
8752|1
8753|0
8754|5
8755|1
8756|0
8757|0
8758|1
8759|11
8760|16
8761|0
8762|0
8763|0
8764|0
8765|19
8766|0
8767|1
8768|2
8769|0
8770|2
8771|0
8772|0
8773|0
8774|0
8775|1
8776|1
8777|0
8778|0
8779|1
8780|2
8781|0
8782|0
8783|0
8784|0
8785|0
8786|8
8787|0
8788|5
8789|1
8790|1
8791|0
8792|19
8793|18
8794|0
8795|0
8796|22
8797|0
8798|0
8799|0
8800|0
8801|0
8802|0
8803|0
8804|1
8805|6
8806|87
8807|1
8808|0
8809|0
8810|0
8811|7
8812|10
8813|1
8814|1
8815|3
8816|3
8817|0
8818|0
8819|1
8820|0
8821|1
8822|2
8823|0
8824|78
8825|0
8826|1
8827|1
8828|0
8829|0
8830|1
8831|28
8832|70
8833|0
8834|0
8835|0
8836|0
8837|0
8838|0
8839|0
8840|0
8841|0
8842|0
8843|0
8844|0
8845|29
8846|0
8847|10
8848|0
8849|0
8850|0
8851|0
8852|0
8853|93
8854|0
8855|0
8856|0
8857|0
8858|0
8859|0
8860|0
8861|0
8862|95
8863|3
8864|72
8865|0
8866|0
8867|1
8868|1
8869|1
8870|2
8871|0
8872|0
8873|1
8874|5
8875|0
8876|1
8877|0
8878|0
8879|0
8880|3
8881|0
8882|0
8883|0
8884|0
8885|0
8886|0
8887|0
8888|1
8889|0
8890|1
8891|0
8892|1
8893|2
8894|3
8895|3
8896|0
8897|0
8898|0
8899|0
8900|0
8901|0
8902|0
8903|1
8904|23
8905|1
8906|0
8907|0
8908|8
8909|2
8910|0
8911|1
8912|0
8913|20
8914|25
8915|0
8916|0
8917|17
8918|17
8919|16
8920|0
8921|0
8922|18
8923|0
8924|0
8925|0
8926|27
8927|0
8928|1
8929|0
8930|1
8931|0
8932|0
8933|0
8934|0
8935|0
8936|0
8937|0
8938|0
8939|5
8940|1
8941|1
8942|0
8943|0
8944|0
8945|0
8946|0
8947|0
8948|0
8949|0
8950|0
8951|0
8952|0
8953|0
8954|0
8955|0
8956|0
8957|30
8958|22
8959|5
8960|0
8961|1
8962|0
8963|2
8964|0
8965|1
8966|3
8967|2
8968|2
8969|0
8970|0
8971|0
8972|0
8973|0
8974|0
8975|0
8976|1
8977|2
8978|0
8979|0
8980|63
8981|0
8982|28
8983|19
8984|0
8985|0
8986|1
8987|0
8988|0
8989|2
8990|19
8991|0
8992|0
8993|20
8994|0
8995|0
8996|2
8997|0
8998|0
8999|1
9000|0
9001|6
9002|0
9003|0
9004|0
9005|1
9006|2
9007|0
9008|9
9009|0
9010|1
9011|1
9012|0
9013|1
9014|1
9015|67
9016|2
9017|2
9018|0
9019|0
9020|2
9021|1
9022|0
9023|0
9024|0
9025|1
9026|3
9027|0
9028|0
9029|0
9030|0
9031|2
9032|0
9033|0
9034|0
9035|0
9036|0
9037|19
9038|0
9039|0
9040|0
9041|0
9042|1
9043|0
9044|1
9045|1
9046|0
9047|10
9048|0
9049|0
9050|0
9051|0
9052|0
9053|0
9054|0
9055|0
9056|0
9057|13
9058|1
9059|0
9060|20
9061|8
9062|0
9063|0
9064|0
9065|12
9066|0
9067|1
9068|0
9069|2
9070|0
9071|1
9072|0
9073|0
9074|10
9075|0
9076|0
9077|0
9078|0
9079|0
9080|0
9081|0
9082|0
9083|0
9084|0
9085|155
9086|1
9087|1
9088|0
9089|0
9090|2
9091|0
9092|0
9093|11
9094|16
9095|0
9096|7
9097|0
9098|0
9099|0
9100|0
9101|0
9102|0
9103|0
9104|0
9105|0
9106|1
9107|6
9108|1
9109|1
9110|1
9111|2
9112|0
9113|0
9114|0
9115|0
9116|0
9117|0
9118|0
9119|0
9120|0
9121|7
9122|14
9123|10
9124|7
9125|5
9126|2
9127|2
9128|0
9129|0
9130|0
9131|0
9132|0
9133|0
9134|21
9135|0
9136|1
9137|0
9138|15
9139|1
9140|1
9141|1
9142|0
9143|1
9144|0
9145|43
9146|0
9147|2
9148|0
9149|1
9150|0
9151|0
9152|1
9153|16
9154|0
9155|0
9156|0
9157|0
9158|0
9159|0
9160|0
9161|0
9162|0
9163|48
9164|0
9165|0
9166|1
9167|1
9168|0
9169|0
9170|0
9171|0
9172|8
9173|0
9174|0
9175|0
9176|0
9177|16
9178|0
9179|0
9180|0
9181|39
9182|0
9183|0
9184|0
9185|0
9186|9
9187|0
9188|0
9189|8
9190|11
9191|2
9192|21
9193|0
9194|0
9195|1
9196|2
9197|0
9198|0
9199|1
9200|0
9201|1
9202|4
9203|1
9204|1
9205|1
9206|4
9207|2
9208|3
9209|0
9210|15
9211|19
9212|0
9213|0
9214|1
9215|0
9216|1
9217|0
9218|0
9219|1
9220|22
9221|36
9222|11
9223|13
9224|0
9225|10
9226|7
9227|10
9228|10
9229|1
9230|1
9231|1
9232|89
9233|0
9234|0
9235|14
9236|12
9237|0
9238|0
9239|0
9240|0
9241|0
9242|1
9243|0
9244|1
9245|0
9246|0
9247|23
9248|0
9249|0
9250|0
9251|0
9252|10
9253|126
9254|2
9255|1
9256|0
9257|0
9258|1
9259|1
9260|0
9261|0
9262|1
9263|0
9264|10
9265|0
9266|3
9267|2
9268|1
9269|1
9270|1
9271|1
9272|0
9273|0
9274|0
9275|0
9276|0
9277|0
9278|0
9279|0
9280|0
9281|9
9282|12
9283|0
9284|0
9285|0
9286|7
9287|0
9288|0
9289|0
9290|0
9291|0
9292|0
9293|0
9294|0
9295|0
9296|0
9297|0
9298|1
9299|0
9300|1
9301|24
9302|21
9303|51
9304|0
9305|0
9306|0
9307|0
9308|0
9309|18
9310|0
9311|0
9312|0
9313|0
9314|18
9315|42
9316|0
9317|0
9318|0
9319|0
9320|0
9321|28
9322|20
9323|16
9324|18
9325|0
9326|0
9327|0
9328|33
9329|16
9330|18
9331|0
9332|0
9333|27
9334|22
9335|79
9336|1
9337|45
9338|58
9339|30
9340|31
9341|66
9342|1
9343|1
9344|0
9345|0
9346|1
9347|2
9348|2
9349|0
9350|0
9351|1
9352|0
9353|0
9354|13
9355|0
9356|0
9357|0
9358|0
9359|22
9360|0
9361|0
9362|0
9363|0
9364|2
9365|0
9366|0
9367|0
9368|0
9369|0
9370|47
9371|1
9372|0
9373|0
9374|22
9375|33
9376|1
9377|0
9378|0
9379|0
9380|1
9381|0
9382|1
9383|0
9384|1
9385|1
9386|1
9387|1
9388|1
9389|1
9390|0
9391|2
9392|0
9393|27
9394|0
9395|8
9396|0
9397|0
9398|0
9399|0
9400|17
9401|0
9402|0
9403|0
9404|1
9405|0
9406|0
9407|0
9408|0
9409|0
9410|1
9411|0
9412|0
9413|7
9414|13
9415|0
9416|0
9417|0
9418|41
9419|1
9420|0
9421|0
9422|0
9423|24
9424|0
9425|0
9426|0
9427|0
9428|0
9429|11
9430|0
9431|0
9432|13
9433|0
9434|0
9435|17
9436|12
9437|0
9438|0
9439|0
9440|10
9441|0
9442|0
9443|9
9444|0
9445|0
9446|0
9447|39
9448|0
9449|0
9450|0
9451|0
9452|9
9453|1
9454|1
9455|0
9456|1
9457|0
9458|0
9459|21
9460|23
9461|20
9462|43
9463|37
9464|1
9465|1
9466|1
9467|1
9468|1
9469|1
9470|1
9471|1
9472|22
9473|2
9474|104
9475|0
9476|0
9477|0
9478|1
9479|0
9480|0
9481|0
9482|0
9483|11
9484|0
9485|10
9486|0
9487|18
9488|27
9489|0
9490|10
9491|0
9492|0
9493|9
9494|13
9495|0
9496|0
9497|0
9498|12
9499|10
9500|22
9501|1
9502|0
9503|1
9504|0
9505|38
9506|0
9507|1
9508|0
9509|16
9510|0
9511|0
9512|1
9513|0
9514|0
9515|0
9516|0
9517|1
9518|0
9519|0
9520|5
9521|8
9522|12
9523|10
9524|8
9525|49
9526|0
9527|0
9528|1
9529|0
9530|0
9531|0
9532|0
9533|0
9534|0
9535|0
9536|0
9537|15
9538|0
9539|0
9540|1
9541|0
9542|0
9543|0
9544|0
9545|0
9546|0
9547|0
9548|0
9549|0
9550|0
9551|0
9552|0
9553|7
9554|1
9555|0
9556|12
9557|0
9558|16
9559|0
9560|0
9561|1
9562|1
9563|0
9564|9
9565|0
9566|0
9567|0
9568|0
9569|0
9570|0
9571|0
9572|0
9573|0
9574|0
9575|0
9576|0
9577|17
9578|0
9579|16
9580|0
9581|9
9582|0
9583|8
9584|12
9585|12
9586|1
9587|12
9588|0
9589|0
9590|0
9591|0
9592|0
9593|0
9594|0
9595|0
9596|0
9597|0
9598|22
9599|0
9600|0
9601|0
9602|0
9603|0
9604|0
9605|0
9606|1
9607|1
9608|15
9609|0
9610|0
9611|0
9612|0
9613|0
9614|0
9615|0
9616|0
9617|1
9618|0
9619|0
9620|0
9621|0
9622|35
9623|0
9624|0
9625|0
9626|0
9627|8
9628|0
9629|0
9630|11
9631|11
9632|69
9633|72
9634|1
9635|14
9636|0
9637|0
9638|11
9639|0
9640|1
9641|0
9642|0
9643|2
9644|1
9645|0
9646|0
9647|0
9648|0
9649|0
9650|0
9651|1
9652|1
9653|0
9654|0
9655|0
9656|0
9657|0
9658|0
9659|0
9660|0
9661|1
9662|0
9663|0
9664|0
9665|0
9666|0
9667|0
9668|0
9669|0
9670|13
9671|6
9672|0
9673|0
9674|0
9675|0
9676|0
9677|0
9678|0
9679|0
9680|0
9681|2
9682|0
9683|41
9684|1
9685|65
9686|3
9687|0
9688|2
9689|0
9690|0
9691|17
9692|0
9693|0
9694|0
9695|0
9696|0
9697|0
9698|0
9699|0
9700|0
9701|0
9702|0
9703|1
9704|0
9705|0
9706|0
9707|6
9708|0
9709|0
9710|0
9711|0
9712|0
9713|122
9714|117
9715|0
9716|0
9717|67
9718|0
9719|0
9720|116
9721|75
9722|62
9723|0
9724|61
9725|46
9726|116
9727|1
9728|0
9729|0
9730|40
9731|33
9732|42
9733|0
9734|49
9735|25
9736|1
9737|0
9738|0
9739|0
9740|1
9741|0
9742|0
9743|0
9744|0
9745|0
9746|0
9747|0
9748|0
9749|0
9750|0
9751|0
9752|0
9753|0
9754|0
9755|0
9756|0
9757|22
9758|18
9759|0
9760|19
9761|0
9762|32
9763|0
9764|0
9765|0
9766|0
9767|0
9768|0
9769|0
9770|0
9771|0
9772|0
9773|0
9774|0
9775|0
9776|0
9777|0
9778|1
9779|0
9780|0
9781|0
9782|0
9783|0
9784|48
9785|29
9786|0
9787|0
9788|0
9789|0
9790|0
9791|0
9792|2
9793|39
9794|59
9795|36
9796|0
9797|28
9798|34
9799|0
9800|0
9801|0
9802|0
9803|46
9804|0
9805|0
9806|28
9807|46
9808|31
9809|31
9810|43
9811|42
9812|44
9813|46
9814|33
9815|0
9816|52
9817|38
9818|90
9819|35
9820|0
9821|33
9822|42
9823|0
9824|0
9825|34
9826|0
9827|27
9828|17
9829|0
9830|1
9831|2
9832|0
9833|2
9834|2
9835|2
9836|2
9837|3
9838|0
9839|3
9840|1
9841|2
9842|0
9843|0
9844|0
9845|0
9846|0
9847|0
9848|0
9849|0
9850|0
9851|0
9852|0
9853|0
9854|0
9855|0
9856|1
9857|1
9858|1
9859|1
9860|0
9861|0
9862|14
9863|1
9864|0
9865|0
9866|1
9867|0
9868|1
9869|0
9870|1
9871|0
9872|1
9873|0
9874|0
9875|0
9876|0
9877|0
9878|0
9879|0
9880|90
9881|1
9882|16
9883|0
9884|19
9885|1
9886|0
9887|0
9888|13
9889|0
9890|1
9891|0
9892|0
9893|0
9894|0
9895|0
9896|0
9897|0
9898|0
9899|0
9900|30
9901|1
9902|10
9903|20
9904|20
9905|23
9906|10
9907|1
9908|5
9909|1
9910|15
9911|0
9912|0
9913|0
9914|0
9915|0
9916|0
9917|0
9918|0
9919|0
9920|11
9921|28
9922|21
9923|1
9924|0
9925|29
9926|1
9927|9
9928|8
9929|1
9930|0
9931|0
9932|0
9933|0
9934|0
9935|0
9936|0
9937|0
9938|0
9939|8
9940|0
9941|0
9942|0
9943|0
9944|0
9945|0
9946|0
9947|0
9948|0
9949|0
9950|0
9951|1
9952|0
9953|0
9954|0
9955|7
9956|0
9957|22
9958|12
9959|1
9960|0
9961|20
9962|17
9963|0
9964|0
9965|22
9966|7
9967|11
9968|20
9969|0
9970|0
9971|26
9972|0
9973|12
9974|8
9975|28
9976|10
9977|0
9978|8
9979|0
9980|32
9981|7
9982|0
9983|0
9984|0
9985|0
9986|0
9987|1
9988|0
9989|1
9990|0
9991|1
9992|87
9993|31
9994|39
9995|20
9996|1
9997|0
9998|0
9999|0
10000|0
10001|0
10002|0
10003|0
10004|0
10005|1
10006|0
10007|0
10008|0
10009|0
10010|0
10011|0
10012|20
10013|0
10014|0
10015|0
10016|0
10017|0
10018|25
10019|0
10020|0
10021|0
10022|0
10023|18
10024|0
10025|0
10026|0
10027|0
10028|0
10029|0
10030|17
10031|0
10032|0
10033|0
10034|0
10035|0
10036|0
10037|0
10038|1
10039|0
10040|0
10041|0
10042|0
10043|0
10044|72
10045|0
10046|0
10047|0
10048|1
10049|0
10050|1
10051|1
10052|1
10053|0
10054|0
10055|0
10056|0
10057|0
10058|0
10059|1
10060|7
10061|8
10062|0
10063|0
10064|7
10065|1
10066|1
10067|0
10068|0
10069|1
10070|0
10071|0
10072|0
10073|0
10074|0
10075|0
10076|0
10077|0
10078|0
10079|6
10080|0
10081|0
10082|0
10083|0
10084|0
10085|0
10086|0
10087|0
10088|0
10089|0
10090|0
10091|0
10092|0
10093|0
10094|0
10095|0
10096|0
10097|13
10098|0
10099|0
10100|0
10101|0
10102|0
10103|0
10104|0
10105|0
10106|16
10107|0
10108|0
10109|0
10110|0
10111|0
10112|119
10113|63
10114|119
10115|112
10116|117
10117|0
10118|59
10119|98
10120|56
10121|1
10122|0
10123|0
10124|0
10125|0
10126|0
10127|0
10128|0
10129|0
10130|0
10131|0
10132|0
10133|0
10134|0
10135|0
10136|0
10137|0
10138|0
10139|0
10140|0
10141|0
10142|0
10143|0
10144|0
10145|0
10146|1
10147|0
10148|0
10149|0
10150|0
10151|0
10152|1
10153|0
10154|0
10155|0
10156|0
10157|0
10158|0
10159|0
10160|0
10161|0
10162|1
10163|0
10164|0
10165|0
10166|0
10167|12
10168|0
10169|0
10170|0
10171|0
10172|0
10173|0
10174|0
10175|0
10176|0
10177|0
10178|0
10179|0
10180|0
10181|0
10182|0
10183|0
10184|0
10185|0
10186|0
10187|0
10188|0
10189|0
10190|0
10191|0
10192|0
10193|0
10194|0
10195|0
10196|6
10197|10
10198|8
10199|14
10200|0
10201|0
10202|0
10203|15
10204|0
10205|0
10206|0
10207|0
10208|0
10209|0
10210|1
10211|0
10212|0
10213|0
10214|0
10215|11
10216|0
10217|4
10218|6
10219|0
10220|0
10221|0
10222|0
10223|17
10224|10
10225|7
10226|7
10227|1
10228|0
10229|0
10230|0
10231|0
10232|1
10233|0
10234|0
10235|1
10236|58
10237|108
10238|1
10239|1
10240|1
10241|34
10242|25
10243|35
10244|41
10245|35
10246|20
10247|33
10248|41
10249|29
10250|30
10251|34
10252|48
10253|30
10254|0
10255|0
10256|0
10257|0
10258|0
10259|0
10260|35
10261|0
10262|0
10263|0
10264|0
10265|0
10266|8
10267|0
10268|0
10269|23
10270|0
10271|0
10272|0
10273|0
10274|0
10275|1
10276|0
10277|0
10278|0
10279|0
10280|0
10281|0
10282|1
10283|0
10284|0
10285|0
10286|14
10287|0
10288|1
10289|0
10290|0
10291|0
10292|0
10293|0
10294|0
10295|1
10296|1
10297|1
10298|0
10299|0
10300|0
10301|0
10302|0
10303|0
10304|0
10305|0
10306|0
10307|0
10308|0
10309|0
10310|0
10311|0
10312|0
10313|0
10314|0
10315|0
10316|0
10317|0
10318|0
10319|0
10320|0
10321|0
10322|0
10323|0
10324|0
10325|0
10326|0
10327|0
10328|0
10329|0
10330|0
10331|0
10332|0
10333|0
10334|0
10335|0
10336|0
10337|0
10338|0
10339|0
10340|0
10341|0
10342|0
10343|0
10344|0
10345|0
10346|0
10347|0
10348|0
10349|0
10350|0
10351|0
10352|0
10353|11
10354|0
10355|0
10356|0
10357|0
10358|0
10359|0
10360|0
10361|0
10362|0
10363|9
10364|0
10365|0
10366|0
10367|0
10368|0
10369|0
10370|0
10371|0
10372|0
10373|0
10374|0
10375|0
10376|0
10377|0
10378|0
10379|0
10380|0
10381|0
10382|0
10383|0
10384|7
10385|0
10386|0
10387|0
10388|0
10389|0
10390|0
10391|0
10392|0
10393|0
10394|0
10395|0
10396|0
10397|0
10398|0
10399|0
10400|0
10401|0
10402|0
10403|0
10404|0
10405|0
10406|0
10407|0
10408|0
10409|0
10410|0
10411|0
10412|0
10413|0
10414|0
10415|0
10416|0
10417|0
10418|0
10419|0
10420|0
10421|0
10422|0
10423|0
10424|0
10425|0
10426|0
10427|0
10428|0
10429|0
10430|0
10431|1
10432|0
10433|0
10434|0
10435|0
10436|0
10437|0
10438|0
10439|0
10440|0
10441|0
10442|0
10443|0
10444|0
10445|0
10446|0
10447|0
10448|0
10449|0
10450|0
10451|0
10452|0
10453|0
10454|0
10455|0
10456|0
10457|0
10458|0
10459|0
10460|0
10461|0
10462|0
10463|0
